Unnamed: 0,ID,description,units,datasetLabel,datasteURL,themeLabel,themeURL,watershedType
1,CAT_BFI,"Base Flow Index (BFI), The BFI is a ratio of base flow to total streamflow, expressed as a percentage and ranging from 0 to 100. Base flow is the sustained, slowly varying component of streamflow, usually attributed to ground-water discharge to a stream.",percent,"Base Flow Index (BFI), The BFI is a ratio of base flow to total streamflow, expressed as a percentage and ranging from 0 to 100. Base flow is the sustained, slowly varying component of streamflow, usually attributed to ground-water discharge to a stream.",https://www.sciencebase.gov/catalog/item/5669a8e3e4b08895842a1d4f,Hydrologic,https://www.sciencebase.gov/catalog/item/5669a8a4e4b08895842a1d4c,localCatch_name
4,CAT_PET,"Mean-annual potential evapotranspiration (PET), estimated using the Hamon (1961) equation. ",mm/year,"Mean-annual potential evapotranspiration (PET), estimated using the Hamon (1961) equation. ",https://www.sciencebase.gov/catalog/item/56f96ed1e4b0a6037df06a2d,Climate,https://www.sciencebase.gov/catalog/item/566ef828e4b09cfe53ca76f7,localCatch_name
7,CAT_CONTACT,Subsurface flow contact time index. The subsurface contact time index estimates the number of days that infiltrated water resides in the saturated subsurface zone of the basin before discharging into the stream. ,days,Subsurface flow contact time index. The subsurface contact time index estimates the number of days that infiltrated water resides in the saturated subsurface zone of the basin before discharging into the stream. ,https://www.sciencebase.gov/catalog/item/56f96fc5e4b0a6037df06b12,Hydrologic,https://www.sciencebase.gov/catalog/item/5669a8a4e4b08895842a1d4c,localCatch_name
10,CAT_EWT,Average depth to water table relatice to the land surface(meters),meters,Average depth to water table relatice to the land surface(meters),https://www.sciencebase.gov/catalog/item/56f97456e4b0a6037df06b50,Hydrologic,https://www.sciencebase.gov/catalog/item/5669a8a4e4b08895842a1d4c,localCatch_name
13,CAT_IEOF,Percentage of Horton overland flow as a percent,percent,Percentage of Horton overland flow as a percent,https://www.sciencebase.gov/catalog/item/56f974e2e4b0a6037df06b55,Hydrologic,https://www.sciencebase.gov/catalog/item/5669a8a4e4b08895842a1d4c,localCatch_name
16,CAT_RECHG,Mean annual natural ground-water recharge in millimeters per year,mm/yr,Runoff (mm/yr) delivered to the stream network for every month for the years 1945 - 2013 divided by 12 to derive annual runoff. ,https://www.sciencebase.gov/catalog/item/56f97577e4b0a6037df06b5a,Hydrologic,https://www.sciencebase.gov/catalog/item/5669a8a4e4b08895842a1d4c,localCatch_name
19,CAT_SATOF,Percentage of Dunne overland flow as a percent,percent,Percentage of Dunne overland flow as a percent,https://www.sciencebase.gov/catalog/item/56f97acbe4b0a6037df06b6a,Hydrologic,https://www.sciencebase.gov/catalog/item/5669a8a4e4b08895842a1d4c,localCatch_name
22,CAT_TWI,"Topographic wetness index, ln(a/S); where ln is the natural log, a is the upslope area per unit contour length and S is the slope at that point.  See http://ks.water.usgs.gov/Kansas/pubs/reports/wrir.99-4242.html and Wolock and McCabe, 1995 for more detail",ln(m),"Topographic wetness index, ln(a/S); where ln is the natural log, a is the upslope area per unit contour length and S is the slope at that point.  See http://ks.water.usgs.gov/Kansas/pubs/reports/wrir.99-4242.html and Wolock and McCabe, 1995 for more detail",https://www.sciencebase.gov/catalog/item/56f97be4e4b0a6037df06b70,Hydrologic,https://www.sciencebase.gov/catalog/item/5669a8a4e4b08895842a1d4c,localCatch_name
25,CAT_WB5100_ANN,,,"Estimated watershed annual runoff, mm/year, mean for the period 1951-2000.  From Wolock and McCabe (1999) water balance model.  Estimates the effects of precip and temperature, but not other factors (land use, water use, regulation, etc.)",https://www.sciencebase.gov/catalog/item/56fd5bd0e4b0c07cbfa40473,Hydrologic,https://www.sciencebase.gov/catalog/item/5669a8a4e4b08895842a1d4c,localCatch_name
220,CAT_FSTFZ6190,"Watershed average of mean day of the year of first freeze, derived from 30 years of record (1961-1990), 2km PRISM. For example, value of 300 is the 300th day of the year (Oct 27th).  ",day of year,"Watershed average of mean day of the year of first freeze, derived from 30 years of record (1961-1990), 2km PRISM. For example, value of 300 is the 300th day of the year (Oct 27th).  ",https://www.sciencebase.gov/catalog/item/5704052ae4b0328dcb827bc7,Climate,https://www.sciencebase.gov/catalog/item/566ef828e4b09cfe53ca76f7,localCatch_name
223,CAT_LSTFZ6190,"Watershed average of mean day of the year of last freeze, derived from 30 years of record (1961-1990), 2km PRISM.  For example, value of 100 is the 100th day of the year (April 10th).  ",day of year,"Watershed average of mean day of the year of last freeze, derived from 30 years of record (1961-1990), 2km PRISM.  For example, value of 100 is the 100th day of the year (April 10th).  ",https://www.sciencebase.gov/catalog/item/57040a6ce4b0328dcb828378,Climate,https://www.sciencebase.gov/catalog/item/566ef828e4b09cfe53ca76f7,localCatch_name
226,CAT_MAXP6190,Watershed maximum average annual precipitation in mm,mm/year,Watershed maximum average annual precipitation in mm,https://www.sciencebase.gov/catalog/item/57040af4e4b0328dcb82842b,Climate,https://www.sciencebase.gov/catalog/item/566ef828e4b09cfe53ca76f7,localCatch_name
229,CAT_MAXWD6190,"Watershed average of maximum monthly number of days of measurable precipitation, derived from 30 years of record (1961-1990), 2.3km PRISM.  This is simply the maximum value of the values WD_JAN_BASIN thru WD_DEC_BASIN.",days,"Watershed average of maximum monthly number of days of measurable precipitation, derived from 30 years of record (1961-1990), 2.3km PRISM.  This is simply the maximum value of the values WD_JAN_BASIN thru WD_DEC_BASIN.",https://www.sciencebase.gov/catalog/item/57040b6ce4b0328dcb8284b8,Climate,https://www.sciencebase.gov/catalog/item/566ef828e4b09cfe53ca76f7,localCatch_name
232,CAT_MINWD6190,"Watershed average of minimum monthly number of days of measurable precipitation, derived from 30 years of record (1961-1990), 2.3km PRISM. This is simply the minimum value of the values WD_JAN_BASIN thru WD_DEC_BASIN.",days,"Watershed average of annual number of days of measurable precipitation, derived from 30 years of record (1961-1990), 2.3km PRISM.",https://www.sciencebase.gov/catalog/item/57040be3e4b0328dcb82850a,Climate,https://www.sciencebase.gov/catalog/item/566ef828e4b09cfe53ca76f7,localCatch_name
250,CAT_PRSNOW,"Snow percent of total precipitation estimate, mean for period 1901-2000.  From McCabe and Wolock (submitted, 2008), 1km grid.",percent,"Snow percent of total precipitation estimate, mean for period 1901-2000.  From McCabe and Wolock (submitted, 2008), 1km grid.",https://www.sciencebase.gov/catalog/item/57053dc5e4b0d4e2b756c117,Climate,https://www.sciencebase.gov/catalog/item/566ef828e4b09cfe53ca76f7,localCatch_name
253,CAT_CWD,Average number of consecutive days with measurable precipitation. It is also sometimes refered to as average storm duration. ,days,Average number of consecutive days with measurable precipitation. It is also sometimes refered to as average storm duration. ,https://www.sciencebase.gov/catalog/item/57053e25e4b0d4e2b756c17d,Climate,https://www.sciencebase.gov/catalog/item/566ef828e4b09cfe53ca76f7,localCatch_name
256,CAT_ET,"Mean-annual actual evapotranspiration (ET), estimated using regression equation of Sanford and Selnick (2013)",mm/year,"Mean-annual actual evapotranspiration (ET), estimated using regression equation of Sanford and Selnick (2013)",https://www.sciencebase.gov/catalog/item/5705491be4b0d4e2b756cf8a,Climate,https://www.sciencebase.gov/catalog/item/566ef828e4b09cfe53ca76f7,localCatch_name
259,CAT_RH,"Watershed average relative humidity (percent), from 2km PRISM, derived from 30 years of record (1961-1990).",percent,"Watershed average relative humidity (percent), from 2km PRISM, derived from 30 years of record (1961-1990).",https://www.sciencebase.gov/catalog/item/57054a24e4b0d4e2b756d0e7,Climate,https://www.sciencebase.gov/catalog/item/566ef828e4b09cfe53ca76f7,localCatch_name
262,CAT_TMAX7100,"Watershed average of maximum monthly air temperature (degrees C) from 800m PRISM, derived from 30 years of record (1971-2000).",degrees C,"Watershed average of maximum monthly air temperature (degrees C) from 800m PRISM, derived from 30 years of record (1971-2000).",https://www.sciencebase.gov/catalog/item/57054aebe4b0d4e2b756d1fc,Climate,https://www.sciencebase.gov/catalog/item/566ef828e4b09cfe53ca76f7,localCatch_name
265,CAT_TAV7100_ANN,"Watershed average of monthly air temperature (degrees C) from 800m PRISM, derived from 30 years of record (1971-2000).",degrees C,"Watershed average of minimum monthly air temperature (degrees C) from 800m PRISM, derived from 30 years of record (1971-2000).",https://www.sciencebase.gov/catalog/item/57054bf2e4b0d4e2b756d364,Climate,https://www.sciencebase.gov/catalog/item/566ef828e4b09cfe53ca76f7,localCatch_name
268,CAT_TMIN7100,"Watershed average of minimum monthly air temperature (degrees C) from 800m PRISM, derived from 30 years of record (1971-2000).",degrees C,"Watershed average of minimum monthly air temperature (degrees C) from 800m PRISM, derived from 30 years of record (1971-2000).",https://www.sciencebase.gov/catalog/item/57054c9be4b0d4e2b756d465,Climate,https://www.sciencebase.gov/catalog/item/566ef828e4b09cfe53ca76f7,localCatch_name
271,CAT_CNPY11_BUFF100,NLCD 2011 percent tree canopy in 100 meter riparian buffer ,percent,NLCD 2011 percent tree canopy in 100 meter riparian buffer ,https://www.sciencebase.gov/catalog/item/570572e2e4b0d4e2b75718bc,Landscape,https://www.sciencebase.gov/catalog/item/5669a834e4b08895842a1d49,localCatch_name
274,CAT_IMPV01_BUFF100,NLCD 2001 percent imperviousness in the 100 meter riparian buffer zones ,percent,NLCD 2001 percent imperviousness in the 100 meter riparian buffer zones ,https://www.sciencebase.gov/catalog/item/57057499e4b0d4e2b7571a8d,Landscape,https://www.sciencebase.gov/catalog/item/5669a834e4b08895842a1d49,localCatch_name
277,CAT_IMPV06,NLCD 2006 percent imperviousness ,percent,NLCD 2006 percent imperviousness ,https://www.sciencebase.gov/catalog/item/570575fae4b0d4e2b7571bba,Landscape,https://www.sciencebase.gov/catalog/item/5669a834e4b08895842a1d49,localCatch_name
280,CAT_IMPV06_BUFF100,NLCD 2006 percent imperviousness in the 100 meter riparian buffer zones ,percent,NLCD 2006 percent imperviousness in the 100 meter riparian buffer zones ,https://www.sciencebase.gov/catalog/item/5705769fe4b0d4e2b7571c51,Landscape,https://www.sciencebase.gov/catalog/item/5669a834e4b08895842a1d49,localCatch_name
283,CAT_IMPV01,NLCD 2001 percent imperviousness ,percent,NLCD 2001 percent imperviousness ,https://www.sciencebase.gov/catalog/item/5705773de4b0d4e2b7571cd7,Landscape,https://www.sciencebase.gov/catalog/item/5669a834e4b08895842a1d49,localCatch_name
286,CAT_IMPV11_BUFF100,NLCD 2011 percent imperviousness in the 100 meter riparian buffer zones ,percent,NLCD 2011 percent imperviousness in the 100 meter riparian buffer zones ,https://www.sciencebase.gov/catalog/item/570577fee4b0d4e2b7571d7b,Landscape,https://www.sciencebase.gov/catalog/item/5669a834e4b08895842a1d49,localCatch_name
289,CAT_IMPV11,NLCD 2011 percent imperviousness ,percent,NLCD 2011 percent imperviousness ,https://www.sciencebase.gov/catalog/item/57057a9be4b0d4e2b7571fbb,Landscape,https://www.sciencebase.gov/catalog/item/5669a834e4b08895842a1d49,localCatch_name
292,CAT_DITCHES92,Percent of watershed subjected to ditches for the year 1992,percent,Percent of watershed subjected to ditches for the year 1992,https://www.sciencebase.gov/catalog/item/57067257e4b03f95a075ab0c,Hydro_Mod,https://www.sciencebase.gov/catalog/item/570670f2e4b03f95a075aacd,localCatch_name
295,CAT_TILES92,Percent of watershed subjected to tile drains for the year 1992,percent,Percent of watershed subjected to tile drains for the year 1992,https://www.sciencebase.gov/catalog/item/57067469e4b03f95a075ad3e,Hydro_Mod,https://www.sciencebase.gov/catalog/item/570670f2e4b03f95a075aacd,localCatch_name
298,CAT_WDJAN,"Watershed average of monthly number of days of measurable precipitation in January, derived from 30 years of record (1961-1990), 2.3km PRISM.",degrees C,"Watershed average of monthly number of days of measurable precipitation in September, derived from 30 years of record (1961-1990), 2.3km PRISM.",https://www.sciencebase.gov/catalog/item/572241c5e4b0b13d39138edd,Climate,https://www.sciencebase.gov/catalog/item/566ef828e4b09cfe53ca76f7,localCatch_name
299,CAT_WDFEB,"Watershed average of monthly number of days of measurable precipitation in February, derived from 30 years of record (1961-1990), 2.3km PRISM.",degrees C,"Watershed average of monthly number of days of measurable precipitation in September, derived from 30 years of record (1961-1990), 2.3km PRISM.",https://www.sciencebase.gov/catalog/item/572241c5e4b0b13d39138edd,Climate,https://www.sciencebase.gov/catalog/item/566ef828e4b09cfe53ca76f7,localCatch_name
300,CAT_WDMAR,"Watershed average of monthly number of days of measurable precipitation in March, derived from 30 years of record (1961-1990), 2.3km PRISM.",degrees C,"Watershed average of monthly number of days of measurable precipitation in September, derived from 30 years of record (1961-1990), 2.3km PRISM.",https://www.sciencebase.gov/catalog/item/572241c5e4b0b13d39138edd,Climate,https://www.sciencebase.gov/catalog/item/566ef828e4b09cfe53ca76f7,localCatch_name
301,CAT_WDAPR,"Watershed average of monthly number of days of measurable precipitation in April, derived from 30 years of record (1961-1990), 2.3km PRISM.",degrees C,"Watershed average of monthly number of days of measurable precipitation in September, derived from 30 years of record (1961-1990), 2.3km PRISM.",https://www.sciencebase.gov/catalog/item/572241c5e4b0b13d39138edd,Climate,https://www.sciencebase.gov/catalog/item/566ef828e4b09cfe53ca76f7,localCatch_name
302,CAT_WDMAY,"Watershed average of monthly number of days of measurable precipitation in May, derived from 30 years of record (1961-1990), 2.3km PRISM.",degrees C,"Watershed average of monthly number of days of measurable precipitation in September, derived from 30 years of record (1961-1990), 2.3km PRISM.",https://www.sciencebase.gov/catalog/item/572241c5e4b0b13d39138edd,Climate,https://www.sciencebase.gov/catalog/item/566ef828e4b09cfe53ca76f7,localCatch_name
303,CAT_WDJUN,"Watershed average of monthly number of days of measurable precipitation in June, derived from 30 years of record (1961-1990), 2.3km PRISM.",degrees C,"Watershed average of monthly number of days of measurable precipitation in September, derived from 30 years of record (1961-1990), 2.3km PRISM.",https://www.sciencebase.gov/catalog/item/572241c5e4b0b13d39138edd,Climate,https://www.sciencebase.gov/catalog/item/566ef828e4b09cfe53ca76f7,localCatch_name
304,CAT_WDJUL,"Watershed average of monthly number of days of measurable precipitation in July, derived from 30 years of record (1961-1990), 2.3km PRISM.",degrees C,"Watershed average of monthly number of days of measurable precipitation in September, derived from 30 years of record (1961-1990), 2.3km PRISM.",https://www.sciencebase.gov/catalog/item/572241c5e4b0b13d39138edd,Climate,https://www.sciencebase.gov/catalog/item/566ef828e4b09cfe53ca76f7,localCatch_name
305,CAT_WDAUG,"Watershed average of monthly number of days of measurable precipitation in August, derived from 30 years of record (1961-1990), 2.3km PRISM.",degrees C,"Watershed average of monthly number of days of measurable precipitation in September, derived from 30 years of record (1961-1990), 2.3km PRISM.",https://www.sciencebase.gov/catalog/item/572241c5e4b0b13d39138edd,Climate,https://www.sciencebase.gov/catalog/item/566ef828e4b09cfe53ca76f7,localCatch_name
306,CAT_WDSEP,"Watershed average of monthly number of days of measurable precipitation in September, derived from 30 years of record (1961-1990), 2.3km PRISM.",degrees C,"Watershed average of monthly number of days of measurable precipitation in September, derived from 30 years of record (1961-1990), 2.3km PRISM.",https://www.sciencebase.gov/catalog/item/572241c5e4b0b13d39138edd,Climate,https://www.sciencebase.gov/catalog/item/566ef828e4b09cfe53ca76f7,localCatch_name
307,CAT_WDOCT,"Watershed average of monthly number of days of measurable precipitation in October, derived from 30 years of record (1961-1990), 2.3km PRISM.",degrees C,"Watershed average of monthly number of days of measurable precipitation in September, derived from 30 years of record (1961-1990), 2.3km PRISM.",https://www.sciencebase.gov/catalog/item/572241c5e4b0b13d39138edd,Climate,https://www.sciencebase.gov/catalog/item/566ef828e4b09cfe53ca76f7,localCatch_name
308,CAT_WDNOV,"Watershed average of monthly number of days of measurable precipitation in November, derived from 30 years of record (1961-1990), 2.3km PRISM.",degrees C,"Watershed average of monthly number of days of measurable precipitation in September, derived from 30 years of record (1961-1990), 2.3km PRISM.",https://www.sciencebase.gov/catalog/item/572241c5e4b0b13d39138edd,Climate,https://www.sciencebase.gov/catalog/item/566ef828e4b09cfe53ca76f7,localCatch_name
309,CAT_WDDEC,"Watershed average of monthly number of days of measurable precipitation in December, derived from 30 years of record (1961-1990), 2.3km PRISM.",degrees C,"Watershed average of monthly number of days of measurable precipitation in September, derived from 30 years of record (1961-1990), 2.3km PRISM.",https://www.sciencebase.gov/catalog/item/572241c5e4b0b13d39138edd,Climate,https://www.sciencebase.gov/catalog/item/566ef828e4b09cfe53ca76f7,localCatch_name
346,CAT_TAV7100_JAN,"Average January air temperature for the watershed, degrees C, from 800m PRISM data. 30 years period of record 1971-2000.",degrees C,"Average September air temperature for the watershed, degrees C, from 800m PRISM data. 30 years period of record 1971-2000.",https://www.sciencebase.gov/catalog/item/57225016e4b0b13d39138f4c,Climate,https://www.sciencebase.gov/catalog/item/566ef828e4b09cfe53ca76f7,localCatch_name
347,CAT_TAV7100_FEB,"Average February air temperature for the watershed, degrees C, from 800m PRISM data. 30 years period of record 1971-2000.",degrees C,"Average September air temperature for the watershed, degrees C, from 800m PRISM data. 30 years period of record 1971-2000.",https://www.sciencebase.gov/catalog/item/57225016e4b0b13d39138f4c,Climate,https://www.sciencebase.gov/catalog/item/566ef828e4b09cfe53ca76f7,localCatch_name
348,CAT_TAV7100_MAR,"Average March air temperature for the watershed, degrees C, from 800m PRISM data. 30 years period of record 1971-2000.",degrees C,"Average September air temperature for the watershed, degrees C, from 800m PRISM data. 30 years period of record 1971-2000.",https://www.sciencebase.gov/catalog/item/57225016e4b0b13d39138f4c,Climate,https://www.sciencebase.gov/catalog/item/566ef828e4b09cfe53ca76f7,localCatch_name
349,CAT_TAV7100_APR,"Average April air temperature for the watershed, degrees C, from 800m PRISM data. 30 years period of record 1971-2000.",degrees C,"Average September air temperature for the watershed, degrees C, from 800m PRISM data. 30 years period of record 1971-2000.",https://www.sciencebase.gov/catalog/item/57225016e4b0b13d39138f4c,Climate,https://www.sciencebase.gov/catalog/item/566ef828e4b09cfe53ca76f7,localCatch_name
350,CAT_TAV7100_MAY,"Average May air temperature for the watershed, degrees C, from 800m PRISM data. 30 years period of record 1971-2000.",degrees C,"Average September air temperature for the watershed, degrees C, from 800m PRISM data. 30 years period of record 1971-2000.",https://www.sciencebase.gov/catalog/item/57225016e4b0b13d39138f4c,Climate,https://www.sciencebase.gov/catalog/item/566ef828e4b09cfe53ca76f7,localCatch_name
351,CAT_TAV7100_JUN,"Average June air temperature for the watershed, degrees C, from 800m PRISM data. 30 years period of record 1971-2000.",degrees C,"Average September air temperature for the watershed, degrees C, from 800m PRISM data. 30 years period of record 1971-2000.",https://www.sciencebase.gov/catalog/item/57225016e4b0b13d39138f4c,Climate,https://www.sciencebase.gov/catalog/item/566ef828e4b09cfe53ca76f7,localCatch_name
352,CAT_TAV7100_JUL,"Average July air temperature for the watershed, degrees C, from 800m PRISM data. 30 years period of record 1971-2000.",degrees C,"Average September air temperature for the watershed, degrees C, from 800m PRISM data. 30 years period of record 1971-2000.",https://www.sciencebase.gov/catalog/item/57225016e4b0b13d39138f4c,Climate,https://www.sciencebase.gov/catalog/item/566ef828e4b09cfe53ca76f7,localCatch_name
353,CAT_TAV7100_AUG,"Average August air temperature for the watershed, degrees C, from 800m PRISM data. 30 years period of record 1971-2000.",degrees C,"Average September air temperature for the watershed, degrees C, from 800m PRISM data. 30 years period of record 1971-2000.",https://www.sciencebase.gov/catalog/item/57225016e4b0b13d39138f4c,Climate,https://www.sciencebase.gov/catalog/item/566ef828e4b09cfe53ca76f7,localCatch_name
354,CAT_TAV7100_SEP,"Average September air temperature for the watershed, degrees C, from 800m PRISM data. 30 years period of record 1971-2000.",degrees C,"Average September air temperature for the watershed, degrees C, from 800m PRISM data. 30 years period of record 1971-2000.",https://www.sciencebase.gov/catalog/item/57225016e4b0b13d39138f4c,Climate,https://www.sciencebase.gov/catalog/item/566ef828e4b09cfe53ca76f7,localCatch_name
355,CAT_TAV7100_OCT,"Average October air temperature for the watershed, degrees C, from 800m PRISM data. 30 years period of record 1971-2000.",degrees C,"Average September air temperature for the watershed, degrees C, from 800m PRISM data. 30 years period of record 1971-2000.",https://www.sciencebase.gov/catalog/item/57225016e4b0b13d39138f4c,Climate,https://www.sciencebase.gov/catalog/item/566ef828e4b09cfe53ca76f7,localCatch_name
356,CAT_TAV7100_NOV,"Average November air temperature for the watershed, degrees C, from 800m PRISM data. 30 years period of record 1971-2000.",degrees C,"Average September air temperature for the watershed, degrees C, from 800m PRISM data. 30 years period of record 1971-2000.",https://www.sciencebase.gov/catalog/item/57225016e4b0b13d39138f4c,Climate,https://www.sciencebase.gov/catalog/item/566ef828e4b09cfe53ca76f7,localCatch_name
357,CAT_TAV7100_DEC,"Average December air temperature for the watershed, degrees C, from 800m PRISM data. 30 years period of record 1971-2000.",degrees C,"Average September air temperature for the watershed, degrees C, from 800m PRISM data. 30 years period of record 1971-2000.",https://www.sciencebase.gov/catalog/item/57225016e4b0b13d39138f4c,Climate,https://www.sciencebase.gov/catalog/item/566ef828e4b09cfe53ca76f7,localCatch_name
370,CAT_HGA,"Percentage of Hydrologic Group A soil. -9999 denotes NODATA, usually water. Hydrologic group A soils have high infiltration rates. Soils are deep and well drained and, typically, have high sand and gravel content.",percent,"Percentage of Hydrologic Group VAR soil. -9999 denotes NODATA, usually water. Hydrologic group VAR soils have variable drainage characteristics.",https://www.sciencebase.gov/catalog/item/5728d93be4b0b13d3918a99f,Regions,https://www.sciencebase.gov/catalog/item/5785585ee4b0e02680bf2fd6,localCatch_name
371,CAT_HGAC,"Percentage of Hydrologic Group AC soil. -9999 denotes NODATA, usually water. Hydrologic group AC soils have group A characteristics (high infiltration rates) when artificially drained and have group C characteristics (slow infiltration rates) when not drained.",percent,"Percentage of Hydrologic Group VAR soil. -9999 denotes NODATA, usually water. Hydrologic group VAR soils have variable drainage characteristics.",https://www.sciencebase.gov/catalog/item/5728d93be4b0b13d3918a99f,Regions,https://www.sciencebase.gov/catalog/item/5785585ee4b0e02680bf2fd6,localCatch_name
372,CAT_HGAD,"Percentage of Hydrologic Group AD soil. -9999 denotes NODATA, usually water. Hydrologic group AD soils have group A characteristics (high infiltration rates) when artificially drained and have group D characteristics (very slow infiltration rates) when not drained.",percent,"Percentage of Hydrologic Group VAR soil. -9999 denotes NODATA, usually water. Hydrologic group VAR soils have variable drainage characteristics.",https://www.sciencebase.gov/catalog/item/5728d93be4b0b13d3918a99f,Regions,https://www.sciencebase.gov/catalog/item/5785585ee4b0e02680bf2fd6,localCatch_name
373,CAT_HGB,"Percentage of Hydrologic Group B soil. -9999 denotes NODATA, usually water. Hydrologic group B soils have moderate infiltration rates. Soils are moderately deep, moderately well drained, and moderately coarse in texture.",percent,"Percentage of Hydrologic Group VAR soil. -9999 denotes NODATA, usually water. Hydrologic group VAR soils have variable drainage characteristics.",https://www.sciencebase.gov/catalog/item/5728d93be4b0b13d3918a99f,Regions,https://www.sciencebase.gov/catalog/item/5785585ee4b0e02680bf2fd6,localCatch_name
374,CAT_HGBC,"Percentage of Hydrologic Group BC soil. -9999 denotes NODATA, usually water. Hydrologic group BC soils have group B characteristics (moderate infiltration rates) when artificially drained and have group C characteristics (slow infiltration rates) when not drained.",percent,"Percentage of Hydrologic Group VAR soil. -9999 denotes NODATA, usually water. Hydrologic group VAR soils have variable drainage characteristics.",https://www.sciencebase.gov/catalog/item/5728d93be4b0b13d3918a99f,Regions,https://www.sciencebase.gov/catalog/item/5785585ee4b0e02680bf2fd6,localCatch_name
375,CAT_HGBD,"Percentage of Hydrologic Group BD soil. -9999 denotes NODATA, usually water. Hydrologic group BD soils have group B characteristics (moderate infiltration rates) when artificially drained and have group D characteristics (very slow infiltration rates) when not drained.",percent,"Percentage of Hydrologic Group VAR soil. -9999 denotes NODATA, usually water. Hydrologic group VAR soils have variable drainage characteristics.",https://www.sciencebase.gov/catalog/item/5728d93be4b0b13d3918a99f,Regions,https://www.sciencebase.gov/catalog/item/5785585ee4b0e02680bf2fd6,localCatch_name
376,CAT_HGC,"Percentage of Hydrologic Group C soil. -9999 denotes NODATA, usually water. Hydrologic group C soils have slow soil infiltration rates. The soil profiles include layers impeding downward movement of water and, typically, have moderately fine or fine texture.",percent,"Percentage of Hydrologic Group VAR soil. -9999 denotes NODATA, usually water. Hydrologic group VAR soils have variable drainage characteristics.",https://www.sciencebase.gov/catalog/item/5728d93be4b0b13d3918a99f,Regions,https://www.sciencebase.gov/catalog/item/5785585ee4b0e02680bf2fd6,localCatch_name
377,CAT_HGCD,"Percentage of Hydrologic Group CD soil. -9999 denotes NODATA, usually water. Hydrologic group CD soils have group C characteristics (slow infiltration rates) when artificially drained and have group D characteristics (very slow infiltration rates) when not drained.",percent,"Percentage of Hydrologic Group VAR soil. -9999 denotes NODATA, usually water. Hydrologic group VAR soils have variable drainage characteristics.",https://www.sciencebase.gov/catalog/item/5728d93be4b0b13d3918a99f,Regions,https://www.sciencebase.gov/catalog/item/5785585ee4b0e02680bf2fd6,localCatch_name
378,CAT_HGD,"Percentage of Hydrologic Group D soil. -9999 denotes NODATA, usually water. Hydrologic group D soils have very slow infiltration rates. Soils are clayey, have a high water table, or have a shallow impervious layer.",percent,"Percentage of Hydrologic Group VAR soil. -9999 denotes NODATA, usually water. Hydrologic group VAR soils have variable drainage characteristics.",https://www.sciencebase.gov/catalog/item/5728d93be4b0b13d3918a99f,Regions,https://www.sciencebase.gov/catalog/item/5785585ee4b0e02680bf2fd6,localCatch_name
379,CAT_HGVAR,"Percentage of Hydrologic Group VAR soil. -9999 denotes NODATA, usually water. Hydrologic group VAR soils have variable drainage characteristics.",percent,"Percentage of Hydrologic Group VAR soil. -9999 denotes NODATA, usually water. Hydrologic group VAR soils have variable drainage characteristics.",https://www.sciencebase.gov/catalog/item/5728d93be4b0b13d3918a99f,Regions,https://www.sciencebase.gov/catalog/item/5785585ee4b0e02680bf2fd6,localCatch_name
403,CAT_SILTAVE,,,Average value of clay content (percentage),https://www.sciencebase.gov/catalog/item/5728dd46e4b0b13d3918a9a7,Soils,https://www.sciencebase.gov/catalog/item/568d6554e4b0e7a44bc207f7,localCatch_name
404,CAT_CLAYAVE,Average value of clay content (percentage),percent,Average value of clay content (percentage),https://www.sciencebase.gov/catalog/item/5728dd46e4b0b13d3918a9a7,Soils,https://www.sciencebase.gov/catalog/item/568d6554e4b0e7a44bc207f7,localCatch_name
405,CAT_SANDAVE,,,Average value of clay content (percentage),https://www.sciencebase.gov/catalog/item/5728dd46e4b0b13d3918a9a7,Soils,https://www.sciencebase.gov/catalog/item/568d6554e4b0e7a44bc207f7,localCatch_name
409,CAT_KFACT,Average value for the K factor per NHDPlus version 2 catchment. -9999 denotes NODATA usually water.,unitless,Average value for the range in available water capacity (fraction) per NHDPlus version 2 catchment.TOT_RFACT,https://www.sciencebase.gov/catalog/item/5728decfe4b0b13d3918a9aa,Soils,https://www.sciencebase.gov/catalog/item/568d6554e4b0e7a44bc207f7,localCatch_name
410,CAT_KFACT_UP,Average value for the K factor in the upper soil horizon per NHDPlus version 2 catchment.CAT_NO200AVE,unitless,Average value for the range in available water capacity (fraction) per NHDPlus version 2 catchment.TOT_RFACT,https://www.sciencebase.gov/catalog/item/5728decfe4b0b13d3918a9aa,Soils,https://www.sciencebase.gov/catalog/item/568d6554e4b0e7a44bc207f7,localCatch_name
411,CAT_NO10AVE,Average percent by weight of soil material less than 3 inches in size that passes through a No. 10 sieve (2 millimeters) per NHDPlus version 2 catchment.CAT_NO200AVE,percent,Average value for the range in available water capacity (fraction) per NHDPlus version 2 catchment.TOT_RFACT,https://www.sciencebase.gov/catalog/item/5728decfe4b0b13d3918a9aa,Soils,https://www.sciencebase.gov/catalog/item/568d6554e4b0e7a44bc207f7,localCatch_name
412,CAT_NO200AVE,Average percent by weight of soil material less than 3 inches in size that passes through a No. 200 sieve (.074 millimeters) per NHDPlus version 2 catchment.CAT_NO200AVE,percent,Average value for the range in available water capacity (fraction) per NHDPlus version 2 catchment.TOT_RFACT,https://www.sciencebase.gov/catalog/item/5728decfe4b0b13d3918a9aa,Soils,https://www.sciencebase.gov/catalog/item/568d6554e4b0e7a44bc207f7,localCatch_name
413,CAT_NO4AVE,Average percent by weight of soil material less than 3 inches in size that passes through a No. 4 sieve (5 millimeters) per NHDPlus version 2 catchment.CAT_NO200AVE,percent,Average value for the range in available water capacity (fraction) per NHDPlus version 2 catchment.TOT_RFACT,https://www.sciencebase.gov/catalog/item/5728decfe4b0b13d3918a9aa,Soils,https://www.sciencebase.gov/catalog/item/568d6554e4b0e7a44bc207f7,localCatch_name
414,CAT_OM,Average value for the range in organic matter content (percent by weight) per NHDPlus version 2 catchment.CAT_NO200AVE,percent,Average value for the range in available water capacity (fraction) per NHDPlus version 2 catchment.TOT_RFACT,https://www.sciencebase.gov/catalog/item/5728decfe4b0b13d3918a9aa,Soils,https://www.sciencebase.gov/catalog/item/568d6554e4b0e7a44bc207f7,localCatch_name
415,CAT_PERMAVE,Average value for the range in permeability (inches per hour) per NHDPlus version 2 catchment.CAT_NO200AVE,inches per hour,Average value for the range in available water capacity (fraction) per NHDPlus version 2 catchment.TOT_RFACT,https://www.sciencebase.gov/catalog/item/5728decfe4b0b13d3918a9aa,Soils,https://www.sciencebase.gov/catalog/item/568d6554e4b0e7a44bc207f7,localCatch_name
416,CAT_RFACT,Average Rainfall Runoff Factor from Universal Soil Loss Equation per NHDPlus version 2 catchment.CAT_PERMAVE,,Average value for the range in available water capacity (fraction) per NHDPlus version 2 catchment.TOT_RFACT,https://www.sciencebase.gov/catalog/item/5728decfe4b0b13d3918a9aa,Soils,https://www.sciencebase.gov/catalog/item/568d6554e4b0e7a44bc207f7,localCatch_name
417,CAT_ROCKDEP,Average value for the range in the total soil thickness examined (inches) per NHDPlus version 2 catchment.CAT_RFACT,inches,Average value for the range in available water capacity (fraction) per NHDPlus version 2 catchment.TOT_RFACT,https://www.sciencebase.gov/catalog/item/5728decfe4b0b13d3918a9aa,Soils,https://www.sciencebase.gov/catalog/item/568d6554e4b0e7a44bc207f7,localCatch_name
418,CAT_BDAVE,Average value for the value of bulk density (grams per cubic centimeter) per NHDPlus version 2 catchment.CAT_RFACT,grams per unit centimeter,Average value for the range in available water capacity (fraction) per NHDPlus version 2 catchment.TOT_RFACT,https://www.sciencebase.gov/catalog/item/5728decfe4b0b13d3918a9aa,Soils,https://www.sciencebase.gov/catalog/item/568d6554e4b0e7a44bc207f7,localCatch_name
419,CAT_AWCAVE,Average value for the range in available water capacity (fraction) per NHDPlus version 2 catchment.CAT_RFACT,inches of water per inches of soil depth,Average value for the range in available water capacity (fraction) per NHDPlus version 2 catchment.TOT_RFACT,https://www.sciencebase.gov/catalog/item/5728decfe4b0b13d3918a9aa,Soils,https://www.sciencebase.gov/catalog/item/568d6554e4b0e7a44bc207f7,localCatch_name
420,CAT_WTDEP,Average value for the range in depth to the seasonally high water table (feet) per NHDPlus version 2 catchment.CAT_RFACT,feet,Average value for the range in available water capacity (fraction) per NHDPlus version 2 catchment.TOT_RFACT,https://www.sciencebase.gov/catalog/item/5728decfe4b0b13d3918a9aa,Soils,https://www.sciencebase.gov/catalog/item/568d6554e4b0e7a44bc207f7,localCatch_name
445,CAT_POPDENS00,,,"Population density in the watershed, persons per sq km, from 2000 Census block data regridded to 100m. This variable is maintained to support models built from original GAGES dataset.",https://www.sciencebase.gov/catalog/item/5728f532e4b0b13d3918aa0a,Population Infrastructure,https://www.sciencebase.gov/catalog/item/57067106e4b03f95a075aacf,localCatch_name
448,CAT_POPDENS90,,,"Population density in the watershed, persons per sq km, from 1990 Census block data, allocated to 2000 block boundaries,  regridded to 100m.  This variable is maintained to support models built from original GAGES dataset.",https://www.sciencebase.gov/catalog/item/5728f609e4b0b13d3918aa0e,Population Infrastructure,https://www.sciencebase.gov/catalog/item/57067106e4b03f95a075aacf,localCatch_name
451,CAT_POPDENS10,,,"Population density in the watershed, persons per sq km, from 2010 Census block data regridded to 100m. This variable is maintained to support models built from original GAGES dataset.",https://www.sciencebase.gov/catalog/item/5728f746e4b0b13d3918aa1e,Population Infrastructure,https://www.sciencebase.gov/catalog/item/57067106e4b03f95a075aacf,localCatch_name
466,CAT_MINP6190,Watershed minimum average annual precipitation in mm,mm/year,Watershed minimum average annual precipitation in mm,https://www.sciencebase.gov/catalog/item/572a23c4e4b0b13d391a0142,Climate,https://www.sciencebase.gov/catalog/item/566ef828e4b09cfe53ca76f7,localCatch_name
472,CAT_PPT7100_ANN,"Mean annual precip (mm) for the watershed, from 800m PRISM data.  30 years period of record 1971-2000. ",mm/year,"Mean annual precip (mm) for the watershed, from 800m PRISM data.  30 years period of record 1971-2000. ",https://www.sciencebase.gov/catalog/item/573b70a7e4b0dae0d5e3ae85,Climate,https://www.sciencebase.gov/catalog/item/566ef828e4b09cfe53ca76f7,localCatch_name
475,CAT_MIRAD_2002,"Percent of watershed in irrigated agriculture, from USGS 2002 250-m MODIS data",percent,"Percent of watershed in irrigated agriculture, from USGS 2002 250-m MODIS data",https://www.sciencebase.gov/catalog/item/573b77afe4b0dae0d5e3aea6,Hydro_Mod,https://www.sciencebase.gov/catalog/item/570670f2e4b03f95a075aacd,localCatch_name
478,CAT_MIRAD_2007,"Percent of watershed in irrigated agriculture, from USGS 2007 250-m MODIS data",percent,"Percent of watershed in irrigated agriculture, from USGS 2007 250-m MODIS data",https://www.sciencebase.gov/catalog/item/573b7850e4b0dae0d5e3aeb0,Hydro_Mod,https://www.sciencebase.gov/catalog/item/570670f2e4b03f95a075aacd,localCatch_name
481,CAT_MIRAD_2012,"Percent of watershed in irrigated agriculture, from USGS 2012 250-m MODIS data",percent,"Percent of watershed in irrigated agriculture, from USGS 2012 250-m MODIS data",https://www.sciencebase.gov/catalog/item/573b78aee4b0dae0d5e3aeb7,Hydro_Mod,https://www.sciencebase.gov/catalog/item/570670f2e4b03f95a075aacd,localCatch_name
1591,CAT_AET,"mean-annual evapotranspiration, estimated by Senay and others (2013",millimeters,"mean-annual evapotranspiration, estimated by Senay and others (2013",https://www.sciencebase.gov/catalog/item/57519f16e4b053f0edd03d41,Climate,https://www.sciencebase.gov/catalog/item/566ef828e4b09cfe53ca76f7,localCatch_name
1943,CAT_NLCD01_11,"land-use and land-cover type Open Water: All areas of open water, generally with less than 25 percent cover of vegetation or soil. -9999 denotes NODATA.",percent,land-use and land-cover type Emergent Herbaceous Wetlands: Areas where perennial herbaceous vegetation accounts for greater than 80 percent of vegetative cover and the soil or substrate is periodically saturated with or covered with water. -9999 denotes NODATA.,https://www.sciencebase.gov/catalog/item/5761b67de4b04f417c2d30ae,Landscape,https://www.sciencebase.gov/catalog/item/5669a834e4b08895842a1d49,localCatch_name
1944,CAT_NLCD01_12,"land-use and land-cover type Perennial Ice/Snow: All areas characterized by a perennial cover of ice and/or snow, generally greater than 25 percent of total cover. -9999 denotes NODATA.",percent,land-use and land-cover type Emergent Herbaceous Wetlands: Areas where perennial herbaceous vegetation accounts for greater than 80 percent of vegetative cover and the soil or substrate is periodically saturated with or covered with water. -9999 denotes NODATA.,https://www.sciencebase.gov/catalog/item/5761b67de4b04f417c2d30ae,Landscape,https://www.sciencebase.gov/catalog/item/5669a834e4b08895842a1d49,localCatch_name
1945,CAT_NLCD01_21,"land-use and land-cover type Developed, Open Space: Includes areas with a mixture of some constructed materials, but mostly vegetation in the form of lawn grasses. Impervious surfaces account for less than 20 percent of total cover. These areas most commonly include large-lot single-family housing units, parks, golf courses, and vegetation planted in developed settings for recreation, erosion control, or aesthetic purposes. -9999 denotes NODATA.",percent,land-use and land-cover type Emergent Herbaceous Wetlands: Areas where perennial herbaceous vegetation accounts for greater than 80 percent of vegetative cover and the soil or substrate is periodically saturated with or covered with water. -9999 denotes NODATA.,https://www.sciencebase.gov/catalog/item/5761b67de4b04f417c2d30ae,Landscape,https://www.sciencebase.gov/catalog/item/5669a834e4b08895842a1d49,localCatch_name
1946,CAT_NLCD01_22,"land-use and land-cover type Developed, Low Intensity: Includes areas with a mixture of constructed materials and vegetation. Impervious surfaces account for 20-49 percent of total cover. These areas most commonly include single-family housing units. -9999 denotes NODATA.",percent,land-use and land-cover type Emergent Herbaceous Wetlands: Areas where perennial herbaceous vegetation accounts for greater than 80 percent of vegetative cover and the soil or substrate is periodically saturated with or covered with water. -9999 denotes NODATA.,https://www.sciencebase.gov/catalog/item/5761b67de4b04f417c2d30ae,Landscape,https://www.sciencebase.gov/catalog/item/5669a834e4b08895842a1d49,localCatch_name
1947,CAT_NLCD01_23,"land-use and land-cover type Developed, Medium Intensity: Includes areas with a mixture of constructed materials and vegetation. Impervious surfaces account for 50-79 percent of the total cover. These areas most commonly include single-family housing units. -9999 denotes NODATA.",percent,land-use and land-cover type Emergent Herbaceous Wetlands: Areas where perennial herbaceous vegetation accounts for greater than 80 percent of vegetative cover and the soil or substrate is periodically saturated with or covered with water. -9999 denotes NODATA.,https://www.sciencebase.gov/catalog/item/5761b67de4b04f417c2d30ae,Landscape,https://www.sciencebase.gov/catalog/item/5669a834e4b08895842a1d49,localCatch_name
1948,CAT_NLCD01_24,"land-use and land-cover type Developed, High Intensity: Includes highly developed areas where people reside or work in high numbers. Examples include apartment complexes, row houses, and commercial/industrial. Impervious surfaces account for 80-100 percent of the total cover. -9999 denotes NODATA.",percent,land-use and land-cover type Emergent Herbaceous Wetlands: Areas where perennial herbaceous vegetation accounts for greater than 80 percent of vegetative cover and the soil or substrate is periodically saturated with or covered with water. -9999 denotes NODATA.,https://www.sciencebase.gov/catalog/item/5761b67de4b04f417c2d30ae,Landscape,https://www.sciencebase.gov/catalog/item/5669a834e4b08895842a1d49,localCatch_name
1949,CAT_NLCD01_31,"land-use and land-cover type Barren Land (Rock/Sand/Clay): Barren areas of bedrock, desert pavement, scarps, talus, slides, volcanic material, glacial debris, sand dunes, strip mines, gravel pits, and other accumulations of earthen material. Generally, vegetation accounts for less than 15 percent of total cover. -9999 denotes NODATA.",percent,land-use and land-cover type Emergent Herbaceous Wetlands: Areas where perennial herbaceous vegetation accounts for greater than 80 percent of vegetative cover and the soil or substrate is periodically saturated with or covered with water. -9999 denotes NODATA.,https://www.sciencebase.gov/catalog/item/5761b67de4b04f417c2d30ae,Landscape,https://www.sciencebase.gov/catalog/item/5669a834e4b08895842a1d49,localCatch_name
1950,CAT_NLCD01_41,"land-use and land-cover type Deciduous Forest: Areas dominated by trees generally greater than 5 meters tall, and greater than 20 percent of total vegetation cover. More than 75 percent of the tree species shed foliage simultaneously in response to seasonal change. -9999 denotes NODATA.",percent,land-use and land-cover type Emergent Herbaceous Wetlands: Areas where perennial herbaceous vegetation accounts for greater than 80 percent of vegetative cover and the soil or substrate is periodically saturated with or covered with water. -9999 denotes NODATA.,https://www.sciencebase.gov/catalog/item/5761b67de4b04f417c2d30ae,Landscape,https://www.sciencebase.gov/catalog/item/5669a834e4b08895842a1d49,localCatch_name
1951,CAT_NLCD01_42,"land-use and land-cover type Evergreen Forest: Areas dominated by trees generally greater than 5 meters tall, and greater than 20 percent of total vegetation cover. More than 75 percent of the trees maintain their leaves all year. Canopy is never without green foliage. -9999 denotes NODATA.",percent,land-use and land-cover type Emergent Herbaceous Wetlands: Areas where perennial herbaceous vegetation accounts for greater than 80 percent of vegetative cover and the soil or substrate is periodically saturated with or covered with water. -9999 denotes NODATA.,https://www.sciencebase.gov/catalog/item/5761b67de4b04f417c2d30ae,Landscape,https://www.sciencebase.gov/catalog/item/5669a834e4b08895842a1d49,localCatch_name
1952,CAT_NLCD01_43,"land-use and land-cover type Mixed Forest: Areas dominated by trees generally greater than 5 meters tall, and greater than 20 percent of total vegetation cover. Neither deciduous nor evergreen species are greater than 75 percent of total tree cover. -9999 denotes NODATA.",percent,land-use and land-cover type Emergent Herbaceous Wetlands: Areas where perennial herbaceous vegetation accounts for greater than 80 percent of vegetative cover and the soil or substrate is periodically saturated with or covered with water. -9999 denotes NODATA.,https://www.sciencebase.gov/catalog/item/5761b67de4b04f417c2d30ae,Landscape,https://www.sciencebase.gov/catalog/item/5669a834e4b08895842a1d49,localCatch_name
1953,CAT_NLCD01_52,"land-use and land-cover type Shrub/Scrub: Areas dominated by shrubs less than 5 meters tall. Shrub canopy is typically greater than 20 percent of total vegetation. This class includes true shrubs, young trees in an early successional stage or trees stunted from environmental conditions. -9999 denotes NODATA.",percent,land-use and land-cover type Emergent Herbaceous Wetlands: Areas where perennial herbaceous vegetation accounts for greater than 80 percent of vegetative cover and the soil or substrate is periodically saturated with or covered with water. -9999 denotes NODATA.,https://www.sciencebase.gov/catalog/item/5761b67de4b04f417c2d30ae,Landscape,https://www.sciencebase.gov/catalog/item/5669a834e4b08895842a1d49,localCatch_name
1954,CAT_NLCD01_71,"land-use and land-cover type Grassland/Herbaceous: Areas dominated by graminoid or herbaceous vegetation, generally greater than 80 percent of total vegetation. These areas are not subject to intensive management such as tilling, but can be utilized for grazing. -9999 denotes NODATA.",percent,land-use and land-cover type Emergent Herbaceous Wetlands: Areas where perennial herbaceous vegetation accounts for greater than 80 percent of vegetative cover and the soil or substrate is periodically saturated with or covered with water. -9999 denotes NODATA.,https://www.sciencebase.gov/catalog/item/5761b67de4b04f417c2d30ae,Landscape,https://www.sciencebase.gov/catalog/item/5669a834e4b08895842a1d49,localCatch_name
1955,CAT_NLCD01_81,"land-use and land-cover type Pasture/Hay: Areas of grasses, legumes, or grass-legume mixtures planted for livestock grazing or the production of seed or hay crops, typically on a perennial cycle. Pasture/hay vegetation accounts for greater than 20 percent of total vegetation. -9999 denotes NODATA.",percent,land-use and land-cover type Emergent Herbaceous Wetlands: Areas where perennial herbaceous vegetation accounts for greater than 80 percent of vegetative cover and the soil or substrate is periodically saturated with or covered with water. -9999 denotes NODATA.,https://www.sciencebase.gov/catalog/item/5761b67de4b04f417c2d30ae,Landscape,https://www.sciencebase.gov/catalog/item/5669a834e4b08895842a1d49,localCatch_name
1956,CAT_NLCD01_82,"land-use and land-cover type Cultivated Crops: Areas used for the production of annual crops, such as corn, soybeans, vegetables, tobacco, and cotton, and also perennial woody crops such as orchards and vineyards. Crop vegetation accounts for greater than 20 percent of total vegetation. This class also includes all land being actively tilled. -9999 denotes NODATA.",percent,land-use and land-cover type Emergent Herbaceous Wetlands: Areas where perennial herbaceous vegetation accounts for greater than 80 percent of vegetative cover and the soil or substrate is periodically saturated with or covered with water. -9999 denotes NODATA.,https://www.sciencebase.gov/catalog/item/5761b67de4b04f417c2d30ae,Landscape,https://www.sciencebase.gov/catalog/item/5669a834e4b08895842a1d49,localCatch_name
1957,CAT_NLCD01_90,land-use and land-cover type Woody Wetlands: Areas where forest or shrubland vegetation accounts for greater than 20 percent of vegetative cover and the soil or substrate is periodically saturated with or covered with water. -9999 denotes NODATA.,percent,land-use and land-cover type Emergent Herbaceous Wetlands: Areas where perennial herbaceous vegetation accounts for greater than 80 percent of vegetative cover and the soil or substrate is periodically saturated with or covered with water. -9999 denotes NODATA.,https://www.sciencebase.gov/catalog/item/5761b67de4b04f417c2d30ae,Landscape,https://www.sciencebase.gov/catalog/item/5669a834e4b08895842a1d49,localCatch_name
1958,CAT_NLCD01_95,land-use and land-cover type Emergent Herbaceous Wetlands: Areas where perennial herbaceous vegetation accounts for greater than 80 percent of vegetative cover and the soil or substrate is periodically saturated with or covered with water. -9999 denotes NODATA.,percent,land-use and land-cover type Emergent Herbaceous Wetlands: Areas where perennial herbaceous vegetation accounts for greater than 80 percent of vegetative cover and the soil or substrate is periodically saturated with or covered with water. -9999 denotes NODATA.,https://www.sciencebase.gov/catalog/item/5761b67de4b04f417c2d30ae,Landscape,https://www.sciencebase.gov/catalog/item/5669a834e4b08895842a1d49,localCatch_name
2262,CAT_NLCD11_11_RIP50,,,Estimated percent of catchment in 50 meter riparian zone that contains the land-use and land-cover type Emergent Herbaceous Wetlands: Areas where perennial herbaceous vegetation accounts for greater than 80 percent of vegetative cover and the soil or substrate is periodically saturated with or covered with water. -9999 denotes NODATA.,https://www.sciencebase.gov/catalog/item/57855ddee4b0e02680bf37bf,Landscape,https://www.sciencebase.gov/catalog/item/5669a834e4b08895842a1d49,localCatch_name
2263,CAT_NLCD11_12_RIP50,,,Estimated percent of catchment in 50 meter riparian zone that contains the land-use and land-cover type Emergent Herbaceous Wetlands: Areas where perennial herbaceous vegetation accounts for greater than 80 percent of vegetative cover and the soil or substrate is periodically saturated with or covered with water. -9999 denotes NODATA.,https://www.sciencebase.gov/catalog/item/57855ddee4b0e02680bf37bf,Landscape,https://www.sciencebase.gov/catalog/item/5669a834e4b08895842a1d49,localCatch_name
2264,CAT_NLCD11_21_RIP50,,,Estimated percent of catchment in 50 meter riparian zone that contains the land-use and land-cover type Emergent Herbaceous Wetlands: Areas where perennial herbaceous vegetation accounts for greater than 80 percent of vegetative cover and the soil or substrate is periodically saturated with or covered with water. -9999 denotes NODATA.,https://www.sciencebase.gov/catalog/item/57855ddee4b0e02680bf37bf,Landscape,https://www.sciencebase.gov/catalog/item/5669a834e4b08895842a1d49,localCatch_name
2265,CAT_NLCD11_22_RIP50,,,Estimated percent of catchment in 50 meter riparian zone that contains the land-use and land-cover type Emergent Herbaceous Wetlands: Areas where perennial herbaceous vegetation accounts for greater than 80 percent of vegetative cover and the soil or substrate is periodically saturated with or covered with water. -9999 denotes NODATA.,https://www.sciencebase.gov/catalog/item/57855ddee4b0e02680bf37bf,Landscape,https://www.sciencebase.gov/catalog/item/5669a834e4b08895842a1d49,localCatch_name
2266,CAT_NLCD11_23_RIP50,,,Estimated percent of catchment in 50 meter riparian zone that contains the land-use and land-cover type Emergent Herbaceous Wetlands: Areas where perennial herbaceous vegetation accounts for greater than 80 percent of vegetative cover and the soil or substrate is periodically saturated with or covered with water. -9999 denotes NODATA.,https://www.sciencebase.gov/catalog/item/57855ddee4b0e02680bf37bf,Landscape,https://www.sciencebase.gov/catalog/item/5669a834e4b08895842a1d49,localCatch_name
2267,CAT_NLCD11_24_RIP50,,,Estimated percent of catchment in 50 meter riparian zone that contains the land-use and land-cover type Emergent Herbaceous Wetlands: Areas where perennial herbaceous vegetation accounts for greater than 80 percent of vegetative cover and the soil or substrate is periodically saturated with or covered with water. -9999 denotes NODATA.,https://www.sciencebase.gov/catalog/item/57855ddee4b0e02680bf37bf,Landscape,https://www.sciencebase.gov/catalog/item/5669a834e4b08895842a1d49,localCatch_name
2268,CAT_NLCD11_31_RIP50,,,Estimated percent of catchment in 50 meter riparian zone that contains the land-use and land-cover type Emergent Herbaceous Wetlands: Areas where perennial herbaceous vegetation accounts for greater than 80 percent of vegetative cover and the soil or substrate is periodically saturated with or covered with water. -9999 denotes NODATA.,https://www.sciencebase.gov/catalog/item/57855ddee4b0e02680bf37bf,Landscape,https://www.sciencebase.gov/catalog/item/5669a834e4b08895842a1d49,localCatch_name
2269,CAT_NLCD11_41_RIP50,,,Estimated percent of catchment in 50 meter riparian zone that contains the land-use and land-cover type Emergent Herbaceous Wetlands: Areas where perennial herbaceous vegetation accounts for greater than 80 percent of vegetative cover and the soil or substrate is periodically saturated with or covered with water. -9999 denotes NODATA.,https://www.sciencebase.gov/catalog/item/57855ddee4b0e02680bf37bf,Landscape,https://www.sciencebase.gov/catalog/item/5669a834e4b08895842a1d49,localCatch_name
2270,CAT_NLCD11_42_RIP50,,,Estimated percent of catchment in 50 meter riparian zone that contains the land-use and land-cover type Emergent Herbaceous Wetlands: Areas where perennial herbaceous vegetation accounts for greater than 80 percent of vegetative cover and the soil or substrate is periodically saturated with or covered with water. -9999 denotes NODATA.,https://www.sciencebase.gov/catalog/item/57855ddee4b0e02680bf37bf,Landscape,https://www.sciencebase.gov/catalog/item/5669a834e4b08895842a1d49,localCatch_name
2271,CAT_NLCD11_43_RIP50,,,Estimated percent of catchment in 50 meter riparian zone that contains the land-use and land-cover type Emergent Herbaceous Wetlands: Areas where perennial herbaceous vegetation accounts for greater than 80 percent of vegetative cover and the soil or substrate is periodically saturated with or covered with water. -9999 denotes NODATA.,https://www.sciencebase.gov/catalog/item/57855ddee4b0e02680bf37bf,Landscape,https://www.sciencebase.gov/catalog/item/5669a834e4b08895842a1d49,localCatch_name
2272,CAT_NLCD11_52_RIP50,,,Estimated percent of catchment in 50 meter riparian zone that contains the land-use and land-cover type Emergent Herbaceous Wetlands: Areas where perennial herbaceous vegetation accounts for greater than 80 percent of vegetative cover and the soil or substrate is periodically saturated with or covered with water. -9999 denotes NODATA.,https://www.sciencebase.gov/catalog/item/57855ddee4b0e02680bf37bf,Landscape,https://www.sciencebase.gov/catalog/item/5669a834e4b08895842a1d49,localCatch_name
2273,CAT_NLCD11_71_RIP50,,,Estimated percent of catchment in 50 meter riparian zone that contains the land-use and land-cover type Emergent Herbaceous Wetlands: Areas where perennial herbaceous vegetation accounts for greater than 80 percent of vegetative cover and the soil or substrate is periodically saturated with or covered with water. -9999 denotes NODATA.,https://www.sciencebase.gov/catalog/item/57855ddee4b0e02680bf37bf,Landscape,https://www.sciencebase.gov/catalog/item/5669a834e4b08895842a1d49,localCatch_name
2274,CAT_NLCD11_81_RIP50,,,Estimated percent of catchment in 50 meter riparian zone that contains the land-use and land-cover type Emergent Herbaceous Wetlands: Areas where perennial herbaceous vegetation accounts for greater than 80 percent of vegetative cover and the soil or substrate is periodically saturated with or covered with water. -9999 denotes NODATA.,https://www.sciencebase.gov/catalog/item/57855ddee4b0e02680bf37bf,Landscape,https://www.sciencebase.gov/catalog/item/5669a834e4b08895842a1d49,localCatch_name
2275,CAT_NLCD11_82_RIP50,,,Estimated percent of catchment in 50 meter riparian zone that contains the land-use and land-cover type Emergent Herbaceous Wetlands: Areas where perennial herbaceous vegetation accounts for greater than 80 percent of vegetative cover and the soil or substrate is periodically saturated with or covered with water. -9999 denotes NODATA.,https://www.sciencebase.gov/catalog/item/57855ddee4b0e02680bf37bf,Landscape,https://www.sciencebase.gov/catalog/item/5669a834e4b08895842a1d49,localCatch_name
2276,CAT_NLCD11_90_RIP50,,,Estimated percent of catchment in 50 meter riparian zone that contains the land-use and land-cover type Emergent Herbaceous Wetlands: Areas where perennial herbaceous vegetation accounts for greater than 80 percent of vegetative cover and the soil or substrate is periodically saturated with or covered with water. -9999 denotes NODATA.,https://www.sciencebase.gov/catalog/item/57855ddee4b0e02680bf37bf,Landscape,https://www.sciencebase.gov/catalog/item/5669a834e4b08895842a1d49,localCatch_name
2277,CAT_NLCD11_95_RIP50,,,Estimated percent of catchment in 50 meter riparian zone that contains the land-use and land-cover type Emergent Herbaceous Wetlands: Areas where perennial herbaceous vegetation accounts for greater than 80 percent of vegetative cover and the soil or substrate is periodically saturated with or covered with water. -9999 denotes NODATA.,https://www.sciencebase.gov/catalog/item/57855ddee4b0e02680bf37bf,Landscape,https://www.sciencebase.gov/catalog/item/5669a834e4b08895842a1d49,localCatch_name
2377,CAT_RUN7100,Estimated 30-year (1971-2000) average annual runoff in millimeters per year,millimeters per year,Estimated 30-year (1971-2000) average annual runoff in millimeters per year,https://www.sciencebase.gov/catalog/item/578f8ad8e4b0ad6235cf6e43,Hydrologic,https://www.sciencebase.gov/catalog/item/5669a8a4e4b08895842a1d4c,localCatch_name
2380,CAT_BASIN_AREA,NHDPlusV2 flowline catchment area in square kilometers. -9999 denotes a flowline which has no catchment.,square kilometers,"NHDPlus version 2 flowline's length in kilometers taken directly from NHDPlusv2's NHDflowline shapefile's item, LENGTHKM. -9999 denotes a catchment has no flowline.",https://www.sciencebase.gov/catalog/item/57976a0ce4b021cadec97890,Topographic Characteristics,https://www.sciencebase.gov/catalog/item/5789408ee4b0c1aacab7770b,localCatch_name
2381,CAT_BASIN_SLOPE,NHDPlusV2 flowline catchment's average slope in percent. -9999 denotes a flowline which has no catchment.,percent rise,"NHDPlus version 2 flowline's length in kilometers taken directly from NHDPlusv2's NHDflowline shapefile's item, LENGTHKM. -9999 denotes a catchment has no flowline.",https://www.sciencebase.gov/catalog/item/57976a0ce4b021cadec97890,Topographic Characteristics,https://www.sciencebase.gov/catalog/item/5789408ee4b0c1aacab7770b,localCatch_name
2382,CAT_ELEV_MEAN,NHDPlusV2 flowline catchment's mean elevation in meters. -9999 denotes a flowline which has no catchment.,meters,"NHDPlus version 2 flowline's length in kilometers taken directly from NHDPlusv2's NHDflowline shapefile's item, LENGTHKM. -9999 denotes a catchment has no flowline.",https://www.sciencebase.gov/catalog/item/57976a0ce4b021cadec97890,Topographic Characteristics,https://www.sciencebase.gov/catalog/item/5789408ee4b0c1aacab7770b,localCatch_name
2383,CAT_ELEV_MIN,NHDPlusV2 flowline catchment's minimum elevation in meters. -9999 denotes a flowline which has no catchment.,meters,"NHDPlus version 2 flowline's length in kilometers taken directly from NHDPlusv2's NHDflowline shapefile's item, LENGTHKM. -9999 denotes a catchment has no flowline.",https://www.sciencebase.gov/catalog/item/57976a0ce4b021cadec97890,Topographic Characteristics,https://www.sciencebase.gov/catalog/item/5789408ee4b0c1aacab7770b,localCatch_name
2384,CAT_ELEV_MAX,NHDPlusV2 flowline catchment's maximum elevation in meters. -9999 denotes a flowline which has no catchment.,meters,"NHDPlus version 2 flowline's length in kilometers taken directly from NHDPlusv2's NHDflowline shapefile's item, LENGTHKM. -9999 denotes a catchment has no flowline.",https://www.sciencebase.gov/catalog/item/57976a0ce4b021cadec97890,Topographic Characteristics,https://www.sciencebase.gov/catalog/item/5789408ee4b0c1aacab7770b,localCatch_name
2385,CAT_STREAM_SLOPE,NHDPlus version 2 flowline's average slope in percent. -9999 denotes a flow line with no change in elevation or unable to determine or flowline has no catchment.,percent rise,"NHDPlus version 2 flowline's length in kilometers taken directly from NHDPlusv2's NHDflowline shapefile's item, LENGTHKM. -9999 denotes a catchment has no flowline.",https://www.sciencebase.gov/catalog/item/57976a0ce4b021cadec97890,Topographic Characteristics,https://www.sciencebase.gov/catalog/item/5789408ee4b0c1aacab7770b,localCatch_name
2386,CAT_STREAM_LENGTH,"NHDPlus version 2 flowline's length in kilometers taken directly from NHDPlusv2's NHDflowline shapefile's item, LENGTHKM. -9999 denotes a catchment has no flowline.",kilometers,"NHDPlus version 2 flowline's length in kilometers taken directly from NHDPlusv2's NHDflowline shapefile's item, LENGTHKM. -9999 denotes a catchment has no flowline.",https://www.sciencebase.gov/catalog/item/57976a0ce4b021cadec97890,Topographic Characteristics,https://www.sciencebase.gov/catalog/item/5789408ee4b0c1aacab7770b,localCatch_name
2387,CAT_STREAMRIVER,flowlines coded as Streams or Rivers,percent,"NHDPlus version 2 flowline's length in kilometers taken directly from NHDPlusv2's NHDflowline shapefile's item, LENGTHKM. -9999 denotes a catchment has no flowline.",https://www.sciencebase.gov/catalog/item/57976a0ce4b021cadec97890,Topographic Characteristics,https://www.sciencebase.gov/catalog/item/5789408ee4b0c1aacab7770b,localCatch_name
2388,CAT_ARTIFICIAL,flowlines coded as Artificial paths,percent,"NHDPlus version 2 flowline's length in kilometers taken directly from NHDPlusv2's NHDflowline shapefile's item, LENGTHKM. -9999 denotes a catchment has no flowline.",https://www.sciencebase.gov/catalog/item/57976a0ce4b021cadec97890,Topographic Characteristics,https://www.sciencebase.gov/catalog/item/5789408ee4b0c1aacab7770b,localCatch_name
2389,CAT_CANALDITCH,flowlines coded as canals or ditches,percent,"NHDPlus version 2 flowline's length in kilometers taken directly from NHDPlusv2's NHDflowline shapefile's item, LENGTHKM. -9999 denotes a catchment has no flowline.",https://www.sciencebase.gov/catalog/item/57976a0ce4b021cadec97890,Topographic Characteristics,https://www.sciencebase.gov/catalog/item/5789408ee4b0c1aacab7770b,localCatch_name
2390,CAT_CONNECTOR,flowlines coded as connectors,percent,"NHDPlus version 2 flowline's length in kilometers taken directly from NHDPlusv2's NHDflowline shapefile's item, LENGTHKM. -9999 denotes a catchment has no flowline.",https://www.sciencebase.gov/catalog/item/57976a0ce4b021cadec97890,Topographic Characteristics,https://www.sciencebase.gov/catalog/item/5789408ee4b0c1aacab7770b,localCatch_name
2391,CAT_PIPELINE,,,"NHDPlus version 2 flowline's length in kilometers taken directly from NHDPlusv2's NHDflowline shapefile's item, LENGTHKM. -9999 denotes a catchment has no flowline.",https://www.sciencebase.gov/catalog/item/57976a0ce4b021cadec97890,Topographic Characteristics,https://www.sciencebase.gov/catalog/item/5789408ee4b0c1aacab7770b,localCatch_name
2409,CAT_STRM_DENS,,,"NHDPlus version 2 flowline's length in kilometers taken directly from NHDPlusv2's NHDflowline shapefile's item, LENGTHKM. -9999 denotes a catchment has no flowline.",https://www.sciencebase.gov/catalog/item/57976a0ce4b021cadec97890,Topographic Characteristics,https://www.sciencebase.gov/catalog/item/5789408ee4b0c1aacab7770b,localCatch_name
2412,CAT_sinuosity,,,"NHDPlus version 2 flowline's length in kilometers taken directly from NHDPlusv2's NHDflowline shapefile's item, LENGTHKM. -9999 denotes a catchment has no flowline.",https://www.sciencebase.gov/catalog/item/57976a0ce4b021cadec97890,Topographic Characteristics,https://www.sciencebase.gov/catalog/item/5789408ee4b0c1aacab7770b,totRoute_name
2413,CAT_RDX,number of road and stream intersections,number of road and stream crossings,"NHDPlus version 2 flowline's length in kilometers taken directly from NHDPlusv2's NHDflowline shapefile's item, LENGTHKM. -9999 denotes a catchment has no flowline.",https://www.sciencebase.gov/catalog/item/57976a0ce4b021cadec97890,Topographic Characteristics,https://www.sciencebase.gov/catalog/item/5789408ee4b0c1aacab7770b,localCatch_name
2416,CAT_S1100,,,"NHDPlus version 2 flowline's length in kilometers taken directly from NHDPlusv2's NHDflowline shapefile's item, LENGTHKM. -9999 denotes a catchment has no flowline.",https://www.sciencebase.gov/catalog/item/57976a0ce4b021cadec97890,Topographic Characteristics,https://www.sciencebase.gov/catalog/item/5789408ee4b0c1aacab7770b,localCatch_name
2417,CAT_S1200,,,"NHDPlus version 2 flowline's length in kilometers taken directly from NHDPlusv2's NHDflowline shapefile's item, LENGTHKM. -9999 denotes a catchment has no flowline.",https://www.sciencebase.gov/catalog/item/57976a0ce4b021cadec97890,Topographic Characteristics,https://www.sciencebase.gov/catalog/item/5789408ee4b0c1aacab7770b,localCatch_name
2418,CAT_S1400,,,"NHDPlus version 2 flowline's length in kilometers taken directly from NHDPlusv2's NHDflowline shapefile's item, LENGTHKM. -9999 denotes a catchment has no flowline.",https://www.sciencebase.gov/catalog/item/57976a0ce4b021cadec97890,Topographic Characteristics,https://www.sciencebase.gov/catalog/item/5789408ee4b0c1aacab7770b,localCatch_name
2419,CAT_S1500,,,"NHDPlus version 2 flowline's length in kilometers taken directly from NHDPlusv2's NHDflowline shapefile's item, LENGTHKM. -9999 denotes a catchment has no flowline.",https://www.sciencebase.gov/catalog/item/57976a0ce4b021cadec97890,Topographic Characteristics,https://www.sciencebase.gov/catalog/item/5789408ee4b0c1aacab7770b,localCatch_name
2420,CAT_S1630,,,"NHDPlus version 2 flowline's length in kilometers taken directly from NHDPlusv2's NHDflowline shapefile's item, LENGTHKM. -9999 denotes a catchment has no flowline.",https://www.sciencebase.gov/catalog/item/57976a0ce4b021cadec97890,Topographic Characteristics,https://www.sciencebase.gov/catalog/item/5789408ee4b0c1aacab7770b,localCatch_name
2421,CAT_S1640,,,"NHDPlus version 2 flowline's length in kilometers taken directly from NHDPlusv2's NHDflowline shapefile's item, LENGTHKM. -9999 denotes a catchment has no flowline.",https://www.sciencebase.gov/catalog/item/57976a0ce4b021cadec97890,Topographic Characteristics,https://www.sciencebase.gov/catalog/item/5789408ee4b0c1aacab7770b,localCatch_name
2422,CAT_S1710,,,"NHDPlus version 2 flowline's length in kilometers taken directly from NHDPlusv2's NHDflowline shapefile's item, LENGTHKM. -9999 denotes a catchment has no flowline.",https://www.sciencebase.gov/catalog/item/57976a0ce4b021cadec97890,Topographic Characteristics,https://www.sciencebase.gov/catalog/item/5789408ee4b0c1aacab7770b,localCatch_name
2423,CAT_S1720,,,"NHDPlus version 2 flowline's length in kilometers taken directly from NHDPlusv2's NHDflowline shapefile's item, LENGTHKM. -9999 denotes a catchment has no flowline.",https://www.sciencebase.gov/catalog/item/57976a0ce4b021cadec97890,Topographic Characteristics,https://www.sciencebase.gov/catalog/item/5789408ee4b0c1aacab7770b,localCatch_name
2424,CAT_S1730,,,"NHDPlus version 2 flowline's length in kilometers taken directly from NHDPlusv2's NHDflowline shapefile's item, LENGTHKM. -9999 denotes a catchment has no flowline.",https://www.sciencebase.gov/catalog/item/57976a0ce4b021cadec97890,Topographic Characteristics,https://www.sciencebase.gov/catalog/item/5789408ee4b0c1aacab7770b,localCatch_name
2425,CAT_S1740,,,"NHDPlus version 2 flowline's length in kilometers taken directly from NHDPlusv2's NHDflowline shapefile's item, LENGTHKM. -9999 denotes a catchment has no flowline.",https://www.sciencebase.gov/catalog/item/57976a0ce4b021cadec97890,Topographic Characteristics,https://www.sciencebase.gov/catalog/item/5789408ee4b0c1aacab7770b,localCatch_name
2426,CAT_S1750,,,"NHDPlus version 2 flowline's length in kilometers taken directly from NHDPlusv2's NHDflowline shapefile's item, LENGTHKM. -9999 denotes a catchment has no flowline.",https://www.sciencebase.gov/catalog/item/57976a0ce4b021cadec97890,Topographic Characteristics,https://www.sciencebase.gov/catalog/item/5789408ee4b0c1aacab7770b,localCatch_name
2427,CAT_S1780,,,"NHDPlus version 2 flowline's length in kilometers taken directly from NHDPlusv2's NHDflowline shapefile's item, LENGTHKM. -9999 denotes a catchment has no flowline.",https://www.sciencebase.gov/catalog/item/57976a0ce4b021cadec97890,Topographic Characteristics,https://www.sciencebase.gov/catalog/item/5789408ee4b0c1aacab7770b,localCatch_name
2428,CAT_S1820,,,"NHDPlus version 2 flowline's length in kilometers taken directly from NHDPlusv2's NHDflowline shapefile's item, LENGTHKM. -9999 denotes a catchment has no flowline.",https://www.sciencebase.gov/catalog/item/57976a0ce4b021cadec97890,Topographic Characteristics,https://www.sciencebase.gov/catalog/item/5789408ee4b0c1aacab7770b,localCatch_name
2429,CAT_S1830,,,"NHDPlus version 2 flowline's length in kilometers taken directly from NHDPlusv2's NHDflowline shapefile's item, LENGTHKM. -9999 denotes a catchment has no flowline.",https://www.sciencebase.gov/catalog/item/57976a0ce4b021cadec97890,Topographic Characteristics,https://www.sciencebase.gov/catalog/item/5789408ee4b0c1aacab7770b,localCatch_name
2430,CAT_TOTAL_ROAD_DENS,,,"NHDPlus version 2 flowline's length in kilometers taken directly from NHDPlusv2's NHDflowline shapefile's item, LENGTHKM. -9999 denotes a catchment has no flowline.",https://www.sciencebase.gov/catalog/item/57976a0ce4b021cadec97890,Topographic Characteristics,https://www.sciencebase.gov/catalog/item/5789408ee4b0c1aacab7770b,localCatch_name
2474,CAT_PLAYA,Percent playas.,percent,Percent estuaries.,https://www.sciencebase.gov/catalog/item/57ab4009e4b05e859be1ad26,Landscape,https://www.sciencebase.gov/catalog/item/5669a834e4b08895842a1d49,localCatch_name
2475,CAT_ICEMASS,Percent ice mass.,percent,Percent estuaries.,https://www.sciencebase.gov/catalog/item/57ab4009e4b05e859be1ad26,Landscape,https://www.sciencebase.gov/catalog/item/5669a834e4b08895842a1d49,localCatch_name
2476,CAT_LAKEPOND,Percent lakes or ponds.,percent,Percent estuaries.,https://www.sciencebase.gov/catalog/item/57ab4009e4b05e859be1ad26,Landscape,https://www.sciencebase.gov/catalog/item/5669a834e4b08895842a1d49,localCatch_name
2477,CAT_RESERVOIR,Percent reservoirs.,percent,Percent estuaries.,https://www.sciencebase.gov/catalog/item/57ab4009e4b05e859be1ad26,Landscape,https://www.sciencebase.gov/catalog/item/5669a834e4b08895842a1d49,localCatch_name
2478,CAT_SWAMPMARSH,Percent swamps or marshes.,percent,Percent estuaries.,https://www.sciencebase.gov/catalog/item/57ab4009e4b05e859be1ad26,Landscape,https://www.sciencebase.gov/catalog/item/5669a834e4b08895842a1d49,localCatch_name
2479,CAT_ESTUARY,Percent estuaries.,percent,Percent estuaries.,https://www.sciencebase.gov/catalog/item/57ab4009e4b05e859be1ad26,Landscape,https://www.sciencebase.gov/catalog/item/5669a834e4b08895842a1d49,localCatch_name
2489,CAT_NPDES_MAJ_DENS,Density of major NPDES sites ,sites per 100 square kilometers,Number of major NPDES sites ,https://www.sciencebase.gov/catalog/item/57c9d89ce4b0f2f0cec192da,Hydro_Mod,https://www.sciencebase.gov/catalog/item/570670f2e4b03f95a075aacd,localCatch_name
2492,CAT_NPDES_MAJ,Number of major NPDES sites ,count,Number of major NPDES sites ,https://www.sciencebase.gov/catalog/item/57c9d89ce4b0f2f0cec192da,Hydro_Mod,https://www.sciencebase.gov/catalog/item/570670f2e4b03f95a075aacd,localCatch_name
2980,CAT_TIMBER2012,,,Estimated percent of annual information on forestry activity for 2012,https://www.sciencebase.gov/catalog/item/583de624e4b088b77f51be9c,Landscape,https://www.sciencebase.gov/catalog/item/5669a834e4b08895842a1d49,localCatch_name
2983,CAT_TIMBER2005,,,Estimated percent of annual information on forestry activity for 2012,https://www.sciencebase.gov/catalog/item/583de624e4b088b77f51be9c,Landscape,https://www.sciencebase.gov/catalog/item/5669a834e4b08895842a1d49,localCatch_name
2986,CAT_TIMBER2003,,,Estimated percent of annual information on forestry activity for 2012,https://www.sciencebase.gov/catalog/item/583de624e4b088b77f51be9c,Landscape,https://www.sciencebase.gov/catalog/item/5669a834e4b08895842a1d49,localCatch_name
2989,CAT_TIMBER2002,,,Estimated percent of annual information on forestry activity for 2012,https://www.sciencebase.gov/catalog/item/583de624e4b088b77f51be9c,Landscape,https://www.sciencebase.gov/catalog/item/5669a834e4b08895842a1d49,localCatch_name
2992,CAT_TIMBER2008,,,Estimated percent of annual information on forestry activity for 2012,https://www.sciencebase.gov/catalog/item/583de624e4b088b77f51be9c,Landscape,https://www.sciencebase.gov/catalog/item/5669a834e4b08895842a1d49,localCatch_name
2995,CAT_TIMBER2004,,,Estimated percent of annual information on forestry activity for 2012,https://www.sciencebase.gov/catalog/item/583de624e4b088b77f51be9c,Landscape,https://www.sciencebase.gov/catalog/item/5669a834e4b08895842a1d49,localCatch_name
2998,CAT_TIMBER2010,,,Estimated percent of annual information on forestry activity for 2012,https://www.sciencebase.gov/catalog/item/583de624e4b088b77f51be9c,Landscape,https://www.sciencebase.gov/catalog/item/5669a834e4b08895842a1d49,localCatch_name
3001,CAT_TIMBER2007,,,Estimated percent of annual information on forestry activity for 2012,https://www.sciencebase.gov/catalog/item/583de624e4b088b77f51be9c,Landscape,https://www.sciencebase.gov/catalog/item/5669a834e4b08895842a1d49,localCatch_name
3004,CAT_TIMBER2011,,,Estimated percent of annual information on forestry activity for 2012,https://www.sciencebase.gov/catalog/item/583de624e4b088b77f51be9c,Landscape,https://www.sciencebase.gov/catalog/item/5669a834e4b08895842a1d49,localCatch_name
3007,CAT_TIMBER1999,,,Estimated percent of annual information on forestry activity for 2012,https://www.sciencebase.gov/catalog/item/583de624e4b088b77f51be9c,Landscape,https://www.sciencebase.gov/catalog/item/5669a834e4b08895842a1d49,localCatch_name
3010,CAT_TIMBER2006,,,Estimated percent of annual information on forestry activity for 2012,https://www.sciencebase.gov/catalog/item/583de624e4b088b77f51be9c,Landscape,https://www.sciencebase.gov/catalog/item/5669a834e4b08895842a1d49,localCatch_name
3013,CAT_TIMBER2001,,,Estimated percent of annual information on forestry activity for 2012,https://www.sciencebase.gov/catalog/item/583de624e4b088b77f51be9c,Landscape,https://www.sciencebase.gov/catalog/item/5669a834e4b08895842a1d49,localCatch_name
3016,CAT_TIMBER2009,,,Estimated percent of annual information on forestry activity for 2012,https://www.sciencebase.gov/catalog/item/583de624e4b088b77f51be9c,Landscape,https://www.sciencebase.gov/catalog/item/5669a834e4b08895842a1d49,localCatch_name
3019,CAT_TIMBER2000,,,Estimated percent of annual information on forestry activity for 2012,https://www.sciencebase.gov/catalog/item/583de624e4b088b77f51be9c,Landscape,https://www.sciencebase.gov/catalog/item/5669a834e4b08895842a1d49,localCatch_name
3031,CAT_NDAMS1930,"Number of dams built on or before 1930 ,",count,"Number of major dams built on or before YYYY in each NHDPlusV2 catchment. Major dams defined as being >= 50 feet in height (15m) or having storage >= 5,000 acre feet",https://www.sciencebase.gov/catalog/item/58c301f2e4b0f37a93ed915a,Hydro_Mod,https://www.sciencebase.gov/catalog/item/570670f2e4b03f95a075aacd,localCatch_name
3032,CAT_NID_STORAGE1930,"The maximum dam storage (in acre-feet) defined as the total storage space in all reservoirs in a flowline catchment below the maximum attainable water surface elevation, including any surcharge storage, of dams built on or before 1930. Value is based on dams built on or before 1930",acre-feet,"Number of major dams built on or before YYYY in each NHDPlusV2 catchment. Major dams defined as being >= 50 feet in height (15m) or having storage >= 5,000 acre feet",https://www.sciencebase.gov/catalog/item/58c301f2e4b0f37a93ed915a,Hydro_Mod,https://www.sciencebase.gov/catalog/item/570670f2e4b03f95a075aacd,localCatch_name
3033,CAT_NORM_STORAGE1930,"The normal dam storage (in acre-feet) defined as the total storage space in all reservoirs in a flowline catchment that is below the normal retention level, including dead and inactive storage and excluding any flood control or surcharge storage. Value is based on dams built on or before 1930",acre-feet,"Number of major dams built on or before YYYY in each NHDPlusV2 catchment. Major dams defined as being >= 50 feet in height (15m) or having storage >= 5,000 acre feet",https://www.sciencebase.gov/catalog/item/58c301f2e4b0f37a93ed915a,Hydro_Mod,https://www.sciencebase.gov/catalog/item/570670f2e4b03f95a075aacd,localCatch_name
3034,CAT_MAJOR1930,"Number of major dams built on or before 1930 in each NHDPlusV2 catchment. Major dams defined as being >= 50 feet in height (15m) or having storage >= 5,000 acre feet",count,"Number of major dams built on or before YYYY in each NHDPlusV2 catchment. Major dams defined as being >= 50 feet in height (15m) or having storage >= 5,000 acre feet",https://www.sciencebase.gov/catalog/item/58c301f2e4b0f37a93ed915a,Hydro_Mod,https://www.sciencebase.gov/catalog/item/570670f2e4b03f95a075aacd,localCatch_name
3043,CAT_NDAMS1940,,,"Number of major dams built on or before YYYY in each NHDPlusV2 catchment. Major dams defined as being >= 50 feet in height (15m) or having storage >= 5,000 acre feet",https://www.sciencebase.gov/catalog/item/58c301f2e4b0f37a93ed915a,Hydro_Mod,https://www.sciencebase.gov/catalog/item/570670f2e4b03f95a075aacd,localCatch_name
3044,CAT_NID_STORAGE1940,"The maximum dam storage (in acre-feet) defined as the total storage space in all reservoirs in a flowline catchment below the maximum attainable water surface elevation, including any surcharge storage, of dams built on or before 1940. Value is based on dams built on or before 1940",acre-feet,"Number of major dams built on or before YYYY in each NHDPlusV2 catchment. Major dams defined as being >= 50 feet in height (15m) or having storage >= 5,000 acre feet",https://www.sciencebase.gov/catalog/item/58c301f2e4b0f37a93ed915a,Hydro_Mod,https://www.sciencebase.gov/catalog/item/570670f2e4b03f95a075aacd,localCatch_name
3045,CAT_NORM_STORAGE1940,"The normal dam storage (in acre-feet) defined as the total storage space in all reservoirs in a flowline catchment that is below the normal retention level, including dead and inactive storage and excluding any flood control or surcharge storage. Value is based on dams built on or before 1940",acre-feet,"Number of major dams built on or before YYYY in each NHDPlusV2 catchment. Major dams defined as being >= 50 feet in height (15m) or having storage >= 5,000 acre feet",https://www.sciencebase.gov/catalog/item/58c301f2e4b0f37a93ed915a,Hydro_Mod,https://www.sciencebase.gov/catalog/item/570670f2e4b03f95a075aacd,localCatch_name
3046,CAT_MAJOR1940,"Number of major dams built on or before 1940 in each NHDPlusV2 catchment. Major dams defined as being >= 50 feet in height (15m) or having storage >= 5,000 acre feet",count,"Number of major dams built on or before YYYY in each NHDPlusV2 catchment. Major dams defined as being >= 50 feet in height (15m) or having storage >= 5,000 acre feet",https://www.sciencebase.gov/catalog/item/58c301f2e4b0f37a93ed915a,Hydro_Mod,https://www.sciencebase.gov/catalog/item/570670f2e4b03f95a075aacd,localCatch_name
3055,CAT_NDAMS1960,"Number of dams built on or before 1960 ,",count,"Number of major dams built on or before YYYY in each NHDPlusV2 catchment. Major dams defined as being >= 50 feet in height (15m) or having storage >= 5,000 acre feet",https://www.sciencebase.gov/catalog/item/58c301f2e4b0f37a93ed915a,Hydro_Mod,https://www.sciencebase.gov/catalog/item/570670f2e4b03f95a075aacd,localCatch_name
3056,CAT_NID_STORAGE1960,"The maximum dam storage (in acre-feet) defined as the total storage space in all reservoirs in a flowline catchment below the maximum attainable water surface elevation, including any surcharge storage, of dams built on or before 1960. Value is based on dams built on or before 1960",acre-feet,"Number of major dams built on or before YYYY in each NHDPlusV2 catchment. Major dams defined as being >= 50 feet in height (15m) or having storage >= 5,000 acre feet",https://www.sciencebase.gov/catalog/item/58c301f2e4b0f37a93ed915a,Hydro_Mod,https://www.sciencebase.gov/catalog/item/570670f2e4b03f95a075aacd,localCatch_name
3057,CAT_NORM_STORAGE1960,"The normal dam storage (in acre-feet) defined as the total storage space in all reservoirs in a flowline catchment that is below the normal retention level, including dead and inactive storage and excluding any flood control or surcharge storage. Value is based on dams built on or before 1960",acre-feet,"Number of major dams built on or before YYYY in each NHDPlusV2 catchment. Major dams defined as being >= 50 feet in height (15m) or having storage >= 5,000 acre feet",https://www.sciencebase.gov/catalog/item/58c301f2e4b0f37a93ed915a,Hydro_Mod,https://www.sciencebase.gov/catalog/item/570670f2e4b03f95a075aacd,localCatch_name
3058,CAT_MAJOR1960,"Number of major dams built on or before 1960 in each NHDPlusV2 catchment. Major dams defined as being >= 50 feet in height (15m) or having storage >= 5,000 acre feet",count,"Number of major dams built on or before YYYY in each NHDPlusV2 catchment. Major dams defined as being >= 50 feet in height (15m) or having storage >= 5,000 acre feet",https://www.sciencebase.gov/catalog/item/58c301f2e4b0f37a93ed915a,Hydro_Mod,https://www.sciencebase.gov/catalog/item/570670f2e4b03f95a075aacd,localCatch_name
3067,CAT_NDAMS1970,"Number of dams built on or before 1970 ,",count,"Number of major dams built on or before YYYY in each NHDPlusV2 catchment. Major dams defined as being >= 50 feet in height (15m) or having storage >= 5,000 acre feet",https://www.sciencebase.gov/catalog/item/58c301f2e4b0f37a93ed915a,Hydro_Mod,https://www.sciencebase.gov/catalog/item/570670f2e4b03f95a075aacd,localCatch_name
3068,CAT_NID_STORAGE1970,"The maximum dam storage (in acre-feet) defined as the total storage space in all reservoirs in a flowline catchment below the maximum attainable water surface elevation, including any surcharge storage, of dams built on or before 1970. Value is based on dams built on or before 1970",acre-feet,"Number of major dams built on or before YYYY in each NHDPlusV2 catchment. Major dams defined as being >= 50 feet in height (15m) or having storage >= 5,000 acre feet",https://www.sciencebase.gov/catalog/item/58c301f2e4b0f37a93ed915a,Hydro_Mod,https://www.sciencebase.gov/catalog/item/570670f2e4b03f95a075aacd,localCatch_name
3069,CAT_NORM_STORAGE1970,"The normal dam storage (in acre-feet) defined as the total storage space in all reservoirs in a flowline catchment that is below the normal retention level, including dead and inactive storage and excluding any flood control or surcharge storage. Value is based on dams built on or before 1970",acre-feet,"Number of major dams built on or before YYYY in each NHDPlusV2 catchment. Major dams defined as being >= 50 feet in height (15m) or having storage >= 5,000 acre feet",https://www.sciencebase.gov/catalog/item/58c301f2e4b0f37a93ed915a,Hydro_Mod,https://www.sciencebase.gov/catalog/item/570670f2e4b03f95a075aacd,localCatch_name
3070,CAT_MAJOR1970,"Number of major dams built on or before 1970 in each NHDPlusV2 catchment. Major dams defined as being >= 50 feet in height (15m) or having storage >= 5,000 acre feet",count,"Number of major dams built on or before YYYY in each NHDPlusV2 catchment. Major dams defined as being >= 50 feet in height (15m) or having storage >= 5,000 acre feet",https://www.sciencebase.gov/catalog/item/58c301f2e4b0f37a93ed915a,Hydro_Mod,https://www.sciencebase.gov/catalog/item/570670f2e4b03f95a075aacd,localCatch_name
3079,CAT_NDAMS1990,"Number of dams built on or before 1990 ,",count,"Number of major dams built on or before YYYY in each NHDPlusV2 catchment. Major dams defined as being >= 50 feet in height (15m) or having storage >= 5,000 acre feet",https://www.sciencebase.gov/catalog/item/58c301f2e4b0f37a93ed915a,Hydro_Mod,https://www.sciencebase.gov/catalog/item/570670f2e4b03f95a075aacd,localCatch_name
3080,CAT_NID_STORAGE1990,"The maximum dam storage (in acre-feet) defined as the total storage space in all reservoirs in a flowline catchment below the maximum attainable water surface elevation, including any surcharge storage, of dams built on or before 1990. Value is based on dams built on or before 1990",acre-feet,"Number of major dams built on or before YYYY in each NHDPlusV2 catchment. Major dams defined as being >= 50 feet in height (15m) or having storage >= 5,000 acre feet",https://www.sciencebase.gov/catalog/item/58c301f2e4b0f37a93ed915a,Hydro_Mod,https://www.sciencebase.gov/catalog/item/570670f2e4b03f95a075aacd,localCatch_name
3081,CAT_NORM_STORAGE1990,"The normal dam storage (in acre-feet) defined as the total storage space in all reservoirs in a flowline catchment that is below the normal retention level, including dead and inactive storage and excluding any flood control or surcharge storage. Value is based on dams built on or before 1990",acre-feet,"Number of major dams built on or before YYYY in each NHDPlusV2 catchment. Major dams defined as being >= 50 feet in height (15m) or having storage >= 5,000 acre feet",https://www.sciencebase.gov/catalog/item/58c301f2e4b0f37a93ed915a,Hydro_Mod,https://www.sciencebase.gov/catalog/item/570670f2e4b03f95a075aacd,localCatch_name
3082,CAT_MAJOR1990,"Number of major dams built on or before 1990 in each NHDPlusV2 catchment. Major dams defined as being >= 50 feet in height (15m) or having storage >= 5,000 acre feet",count,"Number of major dams built on or before YYYY in each NHDPlusV2 catchment. Major dams defined as being >= 50 feet in height (15m) or having storage >= 5,000 acre feet",https://www.sciencebase.gov/catalog/item/58c301f2e4b0f37a93ed915a,Hydro_Mod,https://www.sciencebase.gov/catalog/item/570670f2e4b03f95a075aacd,localCatch_name
3091,CAT_NDAMS2010,"Number of dams built on or before 2010 ,",count,"Number of major dams built on or before YYYY in each NHDPlusV2 catchment. Major dams defined as being >= 50 feet in height (15m) or having storage >= 5,000 acre feet",https://www.sciencebase.gov/catalog/item/58c301f2e4b0f37a93ed915a,Hydro_Mod,https://www.sciencebase.gov/catalog/item/570670f2e4b03f95a075aacd,localCatch_name
3092,CAT_NID_STORAGE2010,"The maximum dam storage (in acre-feet) defined as the total storage space in all reservoirs in a flowline catchment below the maximum attainable water surface elevation, including any surcharge storage, of dams built on or before 2010. Value is based on dams built on or before 2010",acre-feet,"Number of major dams built on or before YYYY in each NHDPlusV2 catchment. Major dams defined as being >= 50 feet in height (15m) or having storage >= 5,000 acre feet",https://www.sciencebase.gov/catalog/item/58c301f2e4b0f37a93ed915a,Hydro_Mod,https://www.sciencebase.gov/catalog/item/570670f2e4b03f95a075aacd,localCatch_name
3093,CAT_NORM_STORAGE2010,"The normal dam storage (in acre-feet) defined as the total storage space in all reservoirs in a flowline catchment that is below the normal retention level, including dead and inactive storage and excluding any flood control or surcharge storage. Value is based on dams built on or before 2010",acre-feet,"Number of major dams built on or before YYYY in each NHDPlusV2 catchment. Major dams defined as being >= 50 feet in height (15m) or having storage >= 5,000 acre feet",https://www.sciencebase.gov/catalog/item/58c301f2e4b0f37a93ed915a,Hydro_Mod,https://www.sciencebase.gov/catalog/item/570670f2e4b03f95a075aacd,localCatch_name
3094,CAT_MAJOR2010,"Number of major dams built on or before 2010 in each NHDPlusV2 catchment. Major dams defined as being >= 50 feet in height (15m) or having storage >= 5,000 acre feet",count,"Number of major dams built on or before YYYY in each NHDPlusV2 catchment. Major dams defined as being >= 50 feet in height (15m) or having storage >= 5,000 acre feet",https://www.sciencebase.gov/catalog/item/58c301f2e4b0f37a93ed915a,Hydro_Mod,https://www.sciencebase.gov/catalog/item/570670f2e4b03f95a075aacd,localCatch_name
3103,CAT_NDAMS2013,"Number of dams built on or before YYYY ,",count,"Number of major dams built on or before YYYY in each NHDPlusV2 catchment. Major dams defined as being >= 50 feet in height (15m) or having storage >= 5,000 acre feet",https://www.sciencebase.gov/catalog/item/58c301f2e4b0f37a93ed915a,Hydro_Mod,https://www.sciencebase.gov/catalog/item/570670f2e4b03f95a075aacd,localCatch_name
3104,CAT_NID_STORAGE2013,"The maximum dam storage (in acre-feet) defined as the total storage space in all reservoirs in a flowline catchment below the maximum attainable water surface elevation, including any surcharge storage, of dams built on or before YYYY. Value is based on dams built on or before YYYY",acre-feet,"Number of major dams built on or before YYYY in each NHDPlusV2 catchment. Major dams defined as being >= 50 feet in height (15m) or having storage >= 5,000 acre feet",https://www.sciencebase.gov/catalog/item/58c301f2e4b0f37a93ed915a,Hydro_Mod,https://www.sciencebase.gov/catalog/item/570670f2e4b03f95a075aacd,localCatch_name
3105,CAT_NORM_STORAGE2013,"The normal dam storage (in acre-feet) defined as the total storage space in all reservoirs in a flowline catchment that is below the normal retention level, including dead and inactive storage and excluding any flood control or surcharge storage. Value is based on dams built on or before YYYY",acre-feet,"Number of major dams built on or before YYYY in each NHDPlusV2 catchment. Major dams defined as being >= 50 feet in height (15m) or having storage >= 5,000 acre feet",https://www.sciencebase.gov/catalog/item/58c301f2e4b0f37a93ed915a,Hydro_Mod,https://www.sciencebase.gov/catalog/item/570670f2e4b03f95a075aacd,localCatch_name
3106,CAT_MAJOR2013,"Number of major dams built on or before YYYY in each NHDPlusV2 catchment. Major dams defined as being >= 50 feet in height (15m) or having storage >= 5,000 acre feet",count,"Number of major dams built on or before YYYY in each NHDPlusV2 catchment. Major dams defined as being >= 50 feet in height (15m) or having storage >= 5,000 acre feet",https://www.sciencebase.gov/catalog/item/58c301f2e4b0f37a93ed915a,Hydro_Mod,https://www.sciencebase.gov/catalog/item/570670f2e4b03f95a075aacd,localCatch_name
3115,CAT_NDAMS2000,"Number of dams built on or before 2000 ,",count,"Number of major dams built on or before YYYY in each NHDPlusV2 catchment. Major dams defined as being >= 50 feet in height (15m) or having storage >= 5,000 acre feet",https://www.sciencebase.gov/catalog/item/58c301f2e4b0f37a93ed915a,Hydro_Mod,https://www.sciencebase.gov/catalog/item/570670f2e4b03f95a075aacd,localCatch_name
3116,CAT_NID_STORAGE2000,"The maximum dam storage (in acre-feet) defined as the total storage space in all reservoirs in a flowline catchment below the maximum attainable water surface elevation, including any surcharge storage, of dams built on or before 2000. Value is based on dams built on or before 2000",acre-feet,"Number of major dams built on or before YYYY in each NHDPlusV2 catchment. Major dams defined as being >= 50 feet in height (15m) or having storage >= 5,000 acre feet",https://www.sciencebase.gov/catalog/item/58c301f2e4b0f37a93ed915a,Hydro_Mod,https://www.sciencebase.gov/catalog/item/570670f2e4b03f95a075aacd,localCatch_name
3117,CAT_NORM_STORAGE2000,"The normal dam storage (in acre-feet) defined as the total storage space in all reservoirs in a flowline catchment that is below the normal retention level, including dead and inactive storage and excluding any flood control or surcharge storage. Value is based on dams built on or before 2000",acre-feet,"Number of major dams built on or before YYYY in each NHDPlusV2 catchment. Major dams defined as being >= 50 feet in height (15m) or having storage >= 5,000 acre feet",https://www.sciencebase.gov/catalog/item/58c301f2e4b0f37a93ed915a,Hydro_Mod,https://www.sciencebase.gov/catalog/item/570670f2e4b03f95a075aacd,localCatch_name
3118,CAT_MAJOR2000,"Number of major dams built on or before 2000 in each NHDPlusV2 catchment. Major dams defined as being >= 50 feet in height (15m) or having storage >= 5,000 acre feet",count,"Number of major dams built on or before YYYY in each NHDPlusV2 catchment. Major dams defined as being >= 50 feet in height (15m) or having storage >= 5,000 acre feet",https://www.sciencebase.gov/catalog/item/58c301f2e4b0f37a93ed915a,Hydro_Mod,https://www.sciencebase.gov/catalog/item/570670f2e4b03f95a075aacd,localCatch_name
3127,CAT_NDAMS1980,"Number of dams built on or before 1980 ,",count,"Number of major dams built on or before YYYY in each NHDPlusV2 catchment. Major dams defined as being >= 50 feet in height (15m) or having storage >= 5,000 acre feet",https://www.sciencebase.gov/catalog/item/58c301f2e4b0f37a93ed915a,Hydro_Mod,https://www.sciencebase.gov/catalog/item/570670f2e4b03f95a075aacd,localCatch_name
3128,CAT_NID_STORAGE1980,"The maximum dam storage (in acre-feet) defined as the total storage space in all reservoirs in a flowline catchment below the maximum attainable water surface elevation, including any surcharge storage, of dams built on or before 1980. Value is based on dams built on or before 1980",acre-feet,"Number of major dams built on or before YYYY in each NHDPlusV2 catchment. Major dams defined as being >= 50 feet in height (15m) or having storage >= 5,000 acre feet",https://www.sciencebase.gov/catalog/item/58c301f2e4b0f37a93ed915a,Hydro_Mod,https://www.sciencebase.gov/catalog/item/570670f2e4b03f95a075aacd,localCatch_name
3129,CAT_NORM_STORAGE1980,"The normal dam storage (in acre-feet) defined as the total storage space in all reservoirs in a flowline catchment that is below the normal retention level, including dead and inactive storage and excluding any flood control or surcharge storage. Value is based on dams built on or before 1980",acre-feet,"Number of major dams built on or before YYYY in each NHDPlusV2 catchment. Major dams defined as being >= 50 feet in height (15m) or having storage >= 5,000 acre feet",https://www.sciencebase.gov/catalog/item/58c301f2e4b0f37a93ed915a,Hydro_Mod,https://www.sciencebase.gov/catalog/item/570670f2e4b03f95a075aacd,localCatch_name
3130,CAT_MAJOR1980,"Number of major dams built on or before 1980 in each NHDPlusV2 catchment. Major dams defined as being >= 50 feet in height (15m) or having storage >= 5,000 acre feet",count,"Number of major dams built on or before YYYY in each NHDPlusV2 catchment. Major dams defined as being >= 50 feet in height (15m) or having storage >= 5,000 acre feet",https://www.sciencebase.gov/catalog/item/58c301f2e4b0f37a93ed915a,Hydro_Mod,https://www.sciencebase.gov/catalog/item/570670f2e4b03f95a075aacd,localCatch_name
3139,CAT_NDAMS1950,"Number of dams built on or before 1950 ,",count,"Number of major dams built on or before YYYY in each NHDPlusV2 catchment. Major dams defined as being >= 50 feet in height (15m) or having storage >= 5,000 acre feet",https://www.sciencebase.gov/catalog/item/58c301f2e4b0f37a93ed915a,Hydro_Mod,https://www.sciencebase.gov/catalog/item/570670f2e4b03f95a075aacd,localCatch_name
3140,CAT_NID_STORAGE1950,"The maximum dam storage (in acre-feet) defined as the total storage space in all reservoirs in a flowline catchment below the maximum attainable water surface elevation, including any surcharge storage, of dams built on or before 1950. Value is based on dams built on or before 1950",acre-feet,"Number of major dams built on or before YYYY in each NHDPlusV2 catchment. Major dams defined as being >= 50 feet in height (15m) or having storage >= 5,000 acre feet",https://www.sciencebase.gov/catalog/item/58c301f2e4b0f37a93ed915a,Hydro_Mod,https://www.sciencebase.gov/catalog/item/570670f2e4b03f95a075aacd,localCatch_name
3141,CAT_NORM_STORAGE1950,"The normal dam storage (in acre-feet) defined as the total storage space in all reservoirs in a flowline catchment that is below the normal retention level, including dead and inactive storage and excluding any flood control or surcharge storage. Value is based on dams built on or before 1950",acre-feet,"Number of major dams built on or before YYYY in each NHDPlusV2 catchment. Major dams defined as being >= 50 feet in height (15m) or having storage >= 5,000 acre feet",https://www.sciencebase.gov/catalog/item/58c301f2e4b0f37a93ed915a,Hydro_Mod,https://www.sciencebase.gov/catalog/item/570670f2e4b03f95a075aacd,localCatch_name
3142,CAT_MAJOR1950,"Number of major dams built on or before 1950 in each NHDPlusV2 catchment. Major dams defined as being >= 50 feet in height (15m) or having storage >= 5,000 acre feet",count,"Number of major dams built on or before YYYY in each NHDPlusV2 catchment. Major dams defined as being >= 50 feet in height (15m) or having storage >= 5,000 acre feet",https://www.sciencebase.gov/catalog/item/58c301f2e4b0f37a93ed915a,Hydro_Mod,https://www.sciencebase.gov/catalog/item/570670f2e4b03f95a075aacd,localCatch_name
